distance,decoder,construction_seconds,first_decode_seconds,warmup_seconds
9,perturbation_M12,0.066902858,12.416122198,14.92172568
9,perturbation_M1,0.068188256,1.324622917,1.505026939
9,tesseract,1.33872346,0.000172923,0.023192698
11,perturbation_M12,0.102888906,23.610727128,28.422449922
11,perturbation_M1,0.100384222,2.633743584,2.980919502
11,tesseract,2.439610755,0.002948902,0.079550485
13,perturbation_M12,0.136893979,40.634807619,49.687597858
13,perturbation_M1,0.174817855,4.150227178,4.726996717
13,tesseract,3.670699814,0.011214752,0.194109281
15,perturbation_M12,0.179517234,68.123894479,83.330103826
15,perturbation_M1,0.173992494,6.155311137,7.214504614
15,tesseract,5.156924267,0.016983892,0.489685889
17,perturbation_M12,0.242394915,97.252695437,122.363479132
17,perturbation_M1,0.242220544,8.854152796,10.581905788
17,tesseract,7.565962418,0.071522284,0.691032573
