distance,rounds,physical_error_rate,decoder,shot_index,sample_seed,total_ms,candidate_init_ms,graph_stage1_ms,native_stage1_ms,matching_stage1_ms,graph_stage2_ms,native_stage2_ms,matching_stage2_ms,candidate_evaluate_ms,matching_ms,native_ms,graph_ms,candidate_ms,residual_ms,other_ms,matching_calls,graph_calls,candidate_calls,matching_stage1_per_call_ms,matching_stage2_per_call_ms,native_stage1_per_call_ms,native_stage2_per_call_ms,graph_stage1_per_call_ms,graph_stage2_per_call_ms,logical_failure
9,9,0.001,perturbation_M12,0,20260927,260.865108,0.88692,21.063246,26.087355,26.301989,43.73745,69.040082,69.282842,29.90142,95.584831,95.127437,64.800696,30.78834,69.691241,165.280277,72,72,36,0.7306108055555556,1.9245233888888889,0.72464875,1.9177800555555555,0.5850901666666667,1.2149291666666668,0
9,9,0.001,perturbation_M1,0,20260927,19.48516,0.787569,1.757694,2.023993,2.04086,3.094966,5.300837,5.31825,0.514063,7.35911,7.32483,4.85266,1.301632,5.971758,12.12605,6,6,3,0.6802866666666666,1.77275,0.6746643333333333,1.7669456666666665,0.585898,1.0316553333333334,0
9,9,0.001,tesseract,0,20260927,2.801409,,,,,,,,,,,,,,,,,,,,,,,,0
9,9,0.001,perturbation_M1,1,20260927,19.789061,0.860289,1.744504,2.169276,2.188417,3.235317,5.152458,5.171449,0.487166,7.359866,7.321734,4.979821,1.347455,6.101919,12.429195,6,6,3,0.7294723333333333,1.7238163333333334,0.723092,1.717486,0.5815013333333333,1.0784390000000001,0
9,9,0.001,tesseract,1,20260927,2.220905,,,,,,,,,,,,,,,,,,,,,,,,0
9,9,0.001,perturbation_M12,1,20260927,287.049479,1.329888,23.340129,27.885995,28.115305,48.707634,75.497934,75.774194,33.592293,103.889499,103.383929,72.047763,34.922181,76.190036,183.15998,72,72,36,0.7809806944444444,2.104838722222222,0.7746109722222223,2.0971648333333333,0.6483369166666667,1.3529898333333332,0
9,9,0.001,tesseract,2,20260927,4.247926,,,,,,,,,,,,,,,,,,,,,,,,0
9,9,0.001,perturbation_M12,2,20260927,283.833827,0.809727,21.447587,27.743634,27.963228,49.490378,76.607273,76.874251,33.054066,104.837479,104.350907,70.937965,33.863793,74.19459,178.996348,72,72,36,0.7767563333333334,2.1353958611111112,0.7706565,2.127979805555556,0.5957663055555555,1.3747327222222223,0
9,9,0.001,perturbation_M1,2,20260927,24.934474,1.201404,2.085214,2.733366,2.756182,3.945777,6.314608,6.336254,0.631128,9.092436,9.047974,6.030991,1.832532,7.978515,15.842038,6,6,3,0.9187273333333333,2.1120846666666666,0.9111220000000001,2.1048693333333333,0.6950713333333334,1.315259,0
9,9,0.001,perturbation_M12,3,20260927,291.501312,1.477242,24.072641,29.521278,29.755363,48.765214,75.497202,75.770632,34.516189,105.525995,105.01848,72.837855,35.993431,77.144031,185.975317,72,72,36,0.826537861111111,2.104739777777778,0.8200354999999999,2.0971445,0.6686844722222223,1.3545892777777777,0
9,9,0.001,perturbation_M1,3,20260927,20.015675,0.807499,1.605332,2.054822,2.070615,3.118384,5.378156,5.39799,0.489468,7.468605,7.432978,4.723716,1.296967,6.526387,12.54707,6,6,3,0.6902050000000001,1.79933,0.6849406666666668,1.7927186666666666,0.5351106666666666,1.0394613333333333,0
9,9,0.001,tesseract,3,20260927,1.938639,,,,,,,,,,,,,,,,,,,,,,,,0
9,9,0.001,perturbation_M1,4,20260927,21.116328,0.830415,1.67534,2.276798,2.295245,3.380389,5.628314,5.647869,0.564606,7.943114,7.905112,5.055729,1.395021,6.722464,13.173214,6,6,3,0.7650816666666667,1.882623,0.7589326666666666,1.8761046666666665,0.5584466666666666,1.1267963333333333,0
9,9,0.001,tesseract,4,20260927,3.03994,,,,,,,,,,,,,,,,,,,,,,,,0
9,9,0.001,perturbation_M12,4,20260927,271.28488,0.872452,20.970779,26.909353,27.126926,45.483699,72.928931,73.170215,31.290122,100.297141,99.838284,66.454478,32.162574,72.370687,170.987739,72,72,36,0.7535257222222222,2.0325059722222223,0.7474820277777777,2.025803638888889,0.5825216388888889,1.2634360833333333,0
9,9,0.001,tesseract,5,20260927,4.379483,,,,,,,,,,,,,,,,,,,,,,,,0
9,9,0.001,perturbation_M12,5,20260927,281.456237,0.935816,22.118238,27.14424,27.359744,47.641081,75.650496,76.021406,31.428454,103.38115,102.794736,69.759319,32.36427,75.951498,178.075087,72,72,36,0.7599928888888888,2.111705722222222,0.7540066666666667,2.101402666666667,0.6143955000000001,1.323363361111111,0
9,9,0.001,perturbation_M1,5,20260927,20.565715,0.795692,1.98095,2.317185,2.355235,3.212627,5.301332,5.320416,0.462537,7.675651,7.618517,5.193577,1.258229,6.438258,12.890064,6,6,3,0.7850783333333333,1.773472,0.7723949999999999,1.7671106666666667,0.6603166666666667,1.0708756666666666,0
9,9,0.001,perturbation_M12,6,20260927,277.284205,0.775566,22.465461,26.936113,27.148427,45.982902,71.023181,71.262664,32.423219,98.411091,97.959294,68.448363,33.198785,77.225966,178.873114,72,72,36,0.7541229722222222,1.9795184444444445,0.748225361111111,1.9728661388888886,0.6240405833333333,1.2773028333333334,0
9,9,0.001,perturbation_M1,6,20260927,20.736164,1.062782,1.837995,2.214381,2.232622,3.771552,4.982332,4.999423,0.430679,7.232045,7.196713,5.609547,1.493461,6.401111,13.504119,6,6,3,0.7442073333333333,1.6664743333333334,0.738127,1.6607773333333335,0.612665,1.2571839999999999,0
9,9,0.001,tesseract,6,20260927,2.527486,,,,,,,,,,,,,,,,,,,,,,,,0
9,9,0.001,perturbation_M1,7,20260927,21.44113,1.275627,1.915805,2.412355,2.430772,3.634618,5.303714,5.321726,0.453518,7.752498,7.716069,5.550423,1.729145,6.409064,13.688632,6,6,3,0.8102573333333334,1.7739086666666666,0.8041183333333333,1.7679046666666667,0.6386016666666666,1.2115393333333333,0
9,9,0.001,tesseract,7,20260927,7.608082,,,,,,,,,,,,,,,,,,,,,,,,0
9,9,0.001,perturbation_M12,7,20260927,269.278424,0.809046,21.589722,27.192578,27.412823,44.276064,70.683857,70.914664,30.779702,98.327487,97.876435,65.865786,31.588748,73.496403,170.950937,72,72,36,0.7614673055555555,1.9698517777777778,0.7553493888888889,1.9634404722222223,0.5997144999999999,1.2298906666666667,0
9,9,0.001,tesseract,8,20260927,9.501396,,,,,,,,,,,,,,,,,,,,,,,,0
9,9,0.001,perturbation_M12,8,20260927,313.540446,1.031585,23.720301,31.791501,32.069415,53.253918,82.328794,82.60204,37.252906,114.671455,114.120295,76.974219,38.284491,83.610281,198.868991,72,72,36,0.8908170833333333,2.2945011111111113,0.8830972500000001,2.2869109444444446,0.65889725,1.4792755,0
9,9,0.001,perturbation_M1,8,20260927,25.490861,0.843952,1.721911,2.275948,2.294283,5.319516,7.216983,7.243803,0.708171,9.538086,9.492931,7.041427,1.552123,7.359225,15.952775,6,6,3,0.764761,2.4146009999999998,0.7586493333333334,2.405661,0.5739703333333334,1.773172,0
9,9,0.001,perturbation_M12,9,20260927,274.093651,0.903058,21.118984,27.37096,27.594781,46.439189,71.969799,72.208532,31.304174,99.803313,99.340759,67.558173,32.207232,74.524933,174.290338,72,72,36,0.7665216944444445,2.005792555555556,0.7603044444444444,1.999161083333333,0.5866384444444445,1.2899774722222221,0
9,9,0.001,perturbation_M1,9,20260927,21.45793,0.813774,1.647734,2.127231,2.144905,3.247864,6.26785,6.287938,0.47902,8.432843,8.395081,4.895598,1.292794,6.836695,13.025087,6,6,3,0.7149683333333333,2.095979333333333,0.7090770000000001,2.0892833333333334,0.5492446666666667,1.0826213333333332,0
9,9,0.001,tesseract,9,20260927,4.283115,,,,,,,,,,,,,,,,,,,,,,,,0
11,11,0.001,perturbation_M12,0,20260927,520.570341,1.826557,36.970967,51.838932,52.107633,88.656871,140.711644,140.996079,61.653917,193.103712,192.550576,125.627838,63.480474,138.358317,327.466629,72,72,36,1.44743425,3.9165577500000004,1.4399703333333334,3.908656777777778,1.0269713055555556,2.462690861111111,0
11,11,0.001,perturbation_M1,0,20260927,35.874938,1.851196,2.977603,3.807831,3.825038,5.506892,9.87318,9.892477,0.948293,13.717515,13.681011,8.484495,2.799489,10.873439,22.157423,6,6,3,1.2750126666666668,3.297492333333333,1.269277,3.29106,0.9925343333333334,1.8356306666666666,0
11,11,0.001,tesseract,0,20260927,7.5419,,,,,,,,,,,,,,,,,,,,,,,,0
11,11,0.001,perturbation_M1,1,20260927,39.146626,2.096845,2.723894,4.430091,4.451109,5.992943,11.212733,11.234492,0.945636,15.685601,15.642824,8.716837,3.042481,11.701707,23.461025,6,6,3,1.483703,3.7448306666666666,1.476697,3.7375776666666667,0.9079646666666666,1.9976476666666667,0
11,11,0.001,tesseract,1,20260927,5.303807,,,,,,,,,,,,,,,,,,,,,,,,0
11,11,0.001,perturbation_M12,1,20260927,537.823667,1.601688,37.859986,56.061162,56.388373,88.912823,144.422972,144.888373,64.735678,201.276746,200.484134,126.772809,66.337366,143.436746,336.546921,72,72,36,1.5663436944444444,4.024677027777778,1.5572545,4.011749222222222,1.0516662777777777,2.469800638888889,0
11,11,0.001,tesseract,2,20260927,10.915524,,,,,,,,,,,,,,,,,,,,,,,,0
11,11,0.001,perturbation_M12,2,20260927,528.722066,1.566864,35.112722,53.494206,53.764576,87.187147,144.449329,144.754388,61.523554,198.518964,197.943535,122.299869,63.090418,144.812815,330.203102,72,72,36,1.4934604444444444,4.020955222222223,1.4859501666666666,4.012481361111111,0.9753533888888888,2.4218651944444445,0
11,11,0.001,perturbation_M1,2,20260927,44.82955,1.899593,3.150514,6.276239,6.299776,7.776507,11.84915,11.874786,1.175685,18.174562,18.125389,10.927021,3.075278,12.652689,26.654988,6,6,3,2.099925333333333,3.958262,2.092079666666667,3.9497166666666668,1.0501713333333333,2.5921689999999997,0
11,11,0.001,perturbation_M12,3,20260927,549.520676,2.226988,37.883593,55.462675,55.73761,91.001651,147.593322,147.908599,65.304399,203.646209,203.055997,128.885244,67.531387,149.457836,345.874467,72,72,36,1.5482669444444443,4.108572194444445,1.540629861111111,4.0998145,1.0523220277777776,2.5278236388888886,0
11,11,0.001,perturbation_M1,3,20260927,37.469243,1.812209,2.840009,4.071868,4.090912,5.638156,10.483434,10.504092,1.208381,14.595004,14.555302,8.478165,3.02059,11.375484,22.874239,6,6,3,1.3636373333333334,3.501364,1.3572893333333333,3.4944780000000004,0.9466696666666666,1.8793853333333335,0
11,11,0.001,tesseract,3,20260927,7.169334,,,,,,,,,,,,,,,,,,,,,,,,0
11,11,0.001,perturbation_M1,4,20260927,36.916972,1.705327,2.90853,3.950568,3.969336,6.00808,10.475183,10.498227,0.963236,14.467563,14.425751,8.91661,2.668563,10.864236,22.449409,6,6,3,1.323112,3.499409,1.316856,3.4917276666666663,0.96951,2.002693333333333,0
11,11,0.001,tesseract,4,20260927,13.377669,,,,,,,,,,,,,,,,,,,,,,,,0
11,11,0.001,perturbation_M12,4,20260927,521.274129,1.717267,36.572902,52.417652,52.666358,86.946484,142.796965,143.075884,61.829972,195.742242,195.214617,123.519386,63.547239,138.465262,325.531887,72,72,36,1.462954388888889,3.974330111111111,1.4560458888888888,3.966582361111111,1.0159139444444445,2.415180111111111,0
11,11,0.001,tesseract,5,20260927,11.671804,,,,,,,,,,,,,,,,,,,,,,,,0
11,11,0.001,perturbation_M12,5,20260927,545.137517,1.609805,36.500046,54.86014,55.116768,89.368954,149.586871,149.875137,64.202468,204.991905,204.447011,125.869,65.812273,148.464339,340.145612,72,72,36,1.5310213333333333,4.16319825,1.5238927777777778,4.1551908611111115,1.0138901666666666,2.4824709444444446,0
11,11,0.001,perturbation_M1,5,20260927,39.559232,1.642101,3.432036,4.235517,4.254344,6.497076,11.292513,11.314989,1.022999,15.569333,15.52803,9.929112,2.6651,11.395687,23.989899,6,6,3,1.4181146666666666,3.771663,1.4118389999999998,3.7641709999999997,1.144012,2.165692,0
11,11,0.001,perturbation_M12,6,20260927,513.280041,1.568149,35.658711,50.874833,51.127502,85.333278,139.462659,139.730524,60.71715,190.858026,190.337492,120.991989,62.285299,139.144727,322.422015,72,72,36,1.4202083888888888,3.8814034444444445,1.4131898055555556,3.87396275,0.9905197499999999,2.3703688333333335,0
11,11,0.001,perturbation_M1,6,20260927,38.596995,1.539256,2.632796,4.180126,4.198295,6.228193,11.599133,11.620361,0.993106,15.818656,15.779259,8.860989,2.532362,11.384988,22.778339,6,6,3,1.3994316666666666,3.873453666666667,1.3933753333333332,3.8663776666666667,0.8775986666666666,2.0760643333333335,0
11,11,0.001,tesseract,6,20260927,7.482763,,,,,,,,,,,,,,,,,,,,,,,,0
11,11,0.001,perturbation_M1,7,20260927,42.881652,1.563182,3.608607,4.46115,4.482436,7.805593,11.524108,11.599894,1.126122,16.08233,15.985258,11.4142,2.689304,12.695818,26.799322,6,6,3,1.4941453333333332,3.8666313333333338,1.48705,3.841369333333333,1.202869,2.6018643333333333,0
11,11,0.001,tesseract,7,20260927,8.865114,,,,,,,,,,,,,,,,,,,,,,,,0
11,11,0.001,perturbation_M12,7,20260927,549.306821,2.582166,37.895345,56.290451,56.560788,91.612265,149.182598,149.511535,63.351466,206.072323,205.473049,129.50761,65.933632,147.793256,343.234498,72,72,36,1.5711330000000001,4.1530981944444445,1.563623638888889,4.143961055555556,1.0526484722222222,2.544785138888889,0
11,11,0.001,tesseract,8,20260927,37.109065,,,,,,,,,,,,,,,,,,,,,,,,0
11,11,0.001,perturbation_M12,8,20260927,514.045952,1.989437,34.736793,52.301215,52.551146,85.411127,141.849185,142.12881,60.378797,194.679956,194.1504,120.14792,62.368234,136.849842,319.365996,72,72,36,1.4597540555555557,3.9480224999999995,1.4528115277777778,3.940255138888889,0.9649109166666666,2.3725313055555555,0
11,11,0.001,perturbation_M1,8,20260927,37.309152,1.749389,2.807879,3.859185,3.87543,5.680926,11.077833,11.098037,1.09944,14.973467,14.937018,8.488805,2.848829,10.998051,22.335685,6,6,3,1.2918100000000001,3.6993456666666664,1.286395,3.692611,0.9359596666666666,1.893642,0
11,11,0.001,perturbation_M12,9,20260927,540.095578,1.701223,38.612508,53.572653,53.842345,89.447949,145.698018,146.017962,63.075606,199.860307,199.270671,128.060457,64.776829,147.397985,340.235271,72,72,36,1.4956206944444446,4.0560545,1.48812925,4.047167166666666,1.0725696666666666,2.48466525,0
11,11,0.001,perturbation_M1,9,20260927,37.000189,1.856373,2.909805,3.884493,3.90547,5.800522,10.51668,10.542018,1.004281,14.447488,14.401173,8.710327,2.860654,10.98172,22.552701,6,6,3,1.3018233333333333,3.514006,1.294831,3.5055599999999996,0.969935,1.9335073333333332,0
11,11,0.001,tesseract,9,20260927,9.164831,,,,,,,,,,,,,,,,,,,,,,,,0
13,13,0.001,perturbation_M12,0,20260927,957.119129,3.735294,61.411093,94.853551,95.190475,153.951664,265.22293,265.653675,107.679431,360.84415,360.076481,215.362757,111.414725,269.497497,596.274979,72,72,36,2.644179861111111,7.3792687500000005,2.634820861111111,7.367303611111112,1.7058636944444445,4.276435111111111,0
13,13,0.001,perturbation_M1,0,20260927,69.661975,3.111995,5.103792,7.476572,7.529715,10.413667,20.239795,20.272674,2.205986,27.802389,27.716367,15.517459,5.317981,21.024146,41.859586,6,6,3,2.5099050000000003,6.7575579999999995,2.4921906666666667,6.746598333333334,1.701264,3.4712223333333334,0
13,13,0.001,tesseract,0,20260927,22.580653,,,,,,,,,,,,,,,,,,,,,,,,0
13,13,0.001,perturbation_M1,1,20260927,71.414231,3.055337,4.824745,8.185029,8.215788,10.491088,19.952051,19.984911,2.196204,28.200699,28.13708,15.315833,5.251541,22.646158,43.213532,6,6,3,2.738596,6.661637,2.728343,6.650683666666667,1.6082483333333333,3.4970293333333333,0
13,13,0.001,tesseract,1,20260927,19.654807,,,,,,,,,,,,,,,,,,,,,,,,0
13,13,0.001,perturbation_M12,1,20260927,923.11458,3.682288,60.127149,94.23793,94.562644,148.26789,253.345127,253.763418,104.364228,348.326062,347.583057,208.395039,108.046516,258.346963,574.788518,72,72,36,2.6267401111111113,7.048983833333334,2.617720277777778,7.037364638888889,1.6701985833333335,4.1185525,0
13,13,0.001,tesseract,2,20260927,15.775967,,,,,,,,,,,,,,,,,,,,,,,,0
13,13,0.001,perturbation_M12,2,20260927,921.412083,2.66611,60.960222,92.036424,92.697758,147.529699,256.816458,257.205124,100.374499,349.902882,348.852882,208.489921,103.040609,259.978671,571.509201,72,72,36,2.574937722222222,7.1445867777777785,2.556567333333333,7.1337905,1.6933395,4.098047194444444,0
13,13,0.001,perturbation_M1,2,20260927,61.07956,2.530502,4.517095,7.0809,7.104998,9.49604,17.24617,17.269881,1.78,24.374879,24.32707,14.013135,4.310502,18.381044,36.704681,6,6,3,2.368332666666667,5.756627000000001,2.3603,5.748723333333333,1.5056983333333334,3.1653466666666668,0
13,13,0.001,perturbation_M12,3,20260927,878.356453,2.71833,55.991983,90.023739,90.332921,144.075067,243.910239,244.243368,96.978859,334.576289,333.933978,200.06705,99.697189,244.015925,543.780164,72,72,36,2.5092478055555554,6.784538,2.5006594166666667,6.775284416666667,1.555332861111111,4.002085194444444,0
13,13,0.001,perturbation_M1,3,20260927,64.023705,2.868898,4.280948,7.171402,7.193299,9.894337,17.460393,17.484101,2.244356,24.6774,24.631795,14.175285,5.113254,20.057766,39.346305,6,6,3,2.397766333333333,5.828033666666666,2.390467333333333,5.820131,1.4269826666666667,3.2981123333333335,0
13,13,0.001,tesseract,3,20260927,14.111013,,,,,,,,,,,,,,,,,,,,,,,,0
13,13,0.001,perturbation_M1,4,20260927,69.309653,2.869155,4.591339,7.741693,7.770511,10.754738,20.236281,20.26456,2.095991,28.035071,27.977974,15.346077,4.965146,20.963359,41.274582,6,6,3,2.5901703333333335,6.754853333333333,2.5805643333333332,6.745427,1.5304463333333331,3.5849126666666664,0
13,13,0.001,tesseract,4,20260927,18.679775,,,,,,,,,,,,,,,,,,,,,,,,0
13,13,0.001,perturbation_M12,4,20260927,966.78643,3.118018,61.966086,92.824629,93.163929,154.041132,268.93461,269.367385,108.597128,362.531314,361.759239,216.007218,111.715146,276.532752,604.255116,72,72,36,2.5878869166666667,7.482427361111111,2.578461916666667,7.470405833333334,1.7212801666666666,4.278920333333334,0
13,13,0.001,tesseract,5,20260927,23.101218,,,,,,,,,,,,,,,,,,,,,,,,0
13,13,0.001,perturbation_M12,5,20260927,920.391483,3.178266,60.732201,90.57143,90.914055,150.288936,253.690691,254.095501,104.057452,345.009556,344.262121,211.021137,107.235718,257.125072,575.381927,72,72,36,2.5253904166666667,7.058208361111111,2.5158730555555557,7.046963638888888,1.6870055833333335,4.174692666666667,0
13,13,0.001,perturbation_M1,5,20260927,69.593891,2.9015,4.916698,8.279942,8.307021,10.614401,19.900161,19.925957,2.002035,28.232978,28.180103,15.531099,4.903535,20.926279,41.360913,6,6,3,2.769007,6.641985666666667,2.759980666666667,6.633387,1.6388993333333335,3.538133666666667,0
13,13,0.001,perturbation_M12,6,20260927,925.83221,2.720543,58.867861,91.539306,91.850538,151.834916,257.573149,257.972222,102.459316,349.82276,349.112455,210.702777,105.179859,260.126814,576.00945,72,72,36,2.5514038333333335,7.165895055555556,2.5427584999999997,7.154809694444444,1.635218361111111,4.217636555555555,0
13,13,0.001,perturbation_M1,6,20260927,65.944528,2.754462,4.83,7.144841,7.168391,10.013527,17.4546,17.479246,2.095594,24.647637,24.599441,14.843527,4.850056,21.603308,41.296891,6,6,3,2.3894636666666664,5.826415333333333,2.381613666666667,5.8182,1.61,3.337842333333333,0
13,13,0.001,tesseract,6,20260927,49.666998,,,,,,,,,,,,,,,,,,,,,,,,0
13,13,0.001,perturbation_M1,7,20260927,66.299359,2.613141,5.081376,7.582786,7.60596,10.597247,17.910166,17.935873,1.99532,25.541833,25.492952,15.678623,4.608461,20.470442,40.757526,6,6,3,2.53532,5.978624333333333,2.527595333333333,5.970055333333334,1.693792,3.5324156666666666,0
13,13,0.001,tesseract,7,20260927,27.524387,,,,,,,,,,,,,,,,,,,,,,,,0
13,13,0.001,perturbation_M12,7,20260927,937.946791,3.156886,58.308226,91.593317,91.948997,151.884532,265.083423,265.463492,106.205597,357.412489,356.67674,210.192758,109.362483,260.979061,580.534302,72,72,36,2.5541388055555556,7.373985888888888,2.5442588055555557,7.363428416666666,1.6196729444444444,4.219014777777778,0
13,13,0.001,tesseract,8,20260927,20.551838,,,,,,,,,,,,,,,,,,,,,,,,0
13,13,0.001,perturbation_M12,8,20260927,1026.400873,2.978657,63.303609,98.194182,98.571404,163.377018,296.125951,296.603402,113.449268,395.174806,394.320133,226.680627,116.427925,288.117515,631.226067,72,72,36,2.7380945555555556,8.23898338888889,2.7276161666666665,8.22572086111111,1.7584335833333333,4.5382505,0
13,13,0.001,perturbation_M1,8,20260927,80.202115,2.702005,5.352939,7.890894,7.917486,12.33313,24.319158,24.358834,2.592597,32.27632,32.210052,17.686069,5.294602,24.945124,47.925795,6,6,3,2.6391620000000002,8.119611333333333,2.6302980000000002,8.106386,1.784313,4.111043333333334,0
13,13,0.001,perturbation_M12,9,20260927,936.046459,4.171619,59.433104,91.857655,92.184346,151.021845,261.271409,261.652657,104.043255,353.837003,353.129064,210.454949,108.214874,263.539633,582.209456,72,72,36,2.560676277777778,7.268129361111111,2.5516015277777777,7.257539138888889,1.6509195555555556,4.195051250000001,0
13,13,0.001,perturbation_M1,9,20260927,60.454405,2.476326,4.646261,6.799447,6.825326,9.459633,16.900888,16.924474,1.77721,23.7498,23.700335,14.105894,4.253536,18.345175,36.704605,6,6,3,2.2751086666666667,5.641491333333334,2.2664823333333333,5.6336293333333325,1.5487536666666666,3.153211,0
13,13,0.001,tesseract,9,20260927,20.536306,,,,,,,,,,,,,,,,,,,,,,,,0
15,15,0.001,perturbation_M12,0,20260927,1757.321627,4.522031,106.184112,173.653514,174.064289,280.98317,490.232519,490.774773,194.367118,664.839062,663.886033,387.167282,198.889149,506.426134,1092.482565,72,72,36,4.835119138888889,13.632632583333333,4.823708722222222,13.617569972222222,2.9495586666666664,7.805088055555554,0
15,15,0.001,perturbation_M1,0,20260927,103.758662,4.142959,6.937712,11.352634,11.379926,15.492875,29.95231,29.989267,3.982322,41.369193,41.304944,22.430587,8.125281,31.833601,62.389469,6,6,3,3.7933086666666664,9.996422333333333,3.7842113333333334,9.984103333333334,2.3125706666666668,5.164291666666666,0
15,15,0.001,tesseract,0,20260927,36.362575,,,,,,,,,,,,,,,,,,,,,,,,0
15,15,0.001,perturbation_M1,1,20260927,107.49048,5.026946,7.42382,13.195914,13.22515,15.875599,29.238397,29.272265,3.384679,42.497415,42.434311,23.299419,8.411625,33.282021,64.993065,6,6,3,4.408383333333333,9.757421666666668,4.398638,9.746132333333334,2.474606666666667,5.291866333333333,0
15,15,0.001,tesseract,1,20260927,23.668953,,,,,,,,,,,,,,,,,,,,,,,,0
15,15,0.001,perturbation_M12,1,20260927,2029.119311,4.35051,128.94019,202.280619,202.773173,326.5989,547.200255,547.824326,223.027124,750.597499,749.480874,455.53909,227.377634,595.605088,1278.521812,72,72,36,5.632588138888889,15.21734238888889,5.618906083333333,15.200007083333333,3.5816719444444445,9.072191666666667,0
15,15,0.001,tesseract,2,20260927,40.217608,,,,,,,,,,,,,,,,,,,,,,,,0
15,15,0.001,perturbation_M12,2,20260927,1795.581539,6.737734,109.38825,184.478938,184.932048,276.560894,498.568338,499.164629,195.784593,684.096677,683.047276,385.949144,202.522327,523.013391,1111.484862,72,72,36,5.137001333333334,13.865684138888888,5.124414944444444,13.8491205,3.0385625,7.682247055555556,0
15,15,0.001,perturbation_M1,2,20260927,110.171791,4.231866,7.178111,11.832695,11.858266,16.340038,30.068787,30.102095,3.741259,41.960361,41.901482,23.518149,7.973125,36.720156,68.21143,6,6,3,3.9527553333333336,10.034031666666666,3.9442316666666666,10.022929,2.392703666666667,5.446679333333333,0
15,15,0.001,perturbation_M12,3,20260927,1559.276078,4.662324,90.59911,155.728099,156.06174,253.918184,434.548246,435.020499,179.573104,591.082239,590.276345,344.517294,184.235428,439.441117,968.193839,72,72,36,4.335048333333333,12.08390275,4.325780527777777,12.070784611111112,2.5166419444444443,7.053282888888889,0
15,15,0.001,perturbation_M1,3,20260927,133.702217,6.547939,9.164204,13.998178,14.033246,17.366159,36.60037,36.641649,4.833866,50.674895,50.598548,26.530363,11.381805,45.115154,83.027322,6,6,3,4.677748666666667,12.213883000000001,4.666059333333333,12.200123333333332,3.0547346666666666,5.788719666666666,0
15,15,0.001,tesseract,3,20260927,72.676056,,,,,,,,,,,,,,,,,,,,,,,,0
15,15,0.001,perturbation_M1,4,20260927,124.760245,4.827434,9.828226,13.473981,13.504982,17.111649,34.615766,34.659148,4.168811,48.16413,48.089747,26.939875,8.996245,40.659995,76.596115,6,6,3,4.501660666666667,11.553049333333334,4.491327,11.538588666666667,3.2760753333333335,5.703883,0
15,15,0.001,tesseract,4,20260927,32.080499,,,,,,,,,,,,,,,,,,,,,,,,0
15,15,0.001,perturbation_M12,4,20260927,1571.569665,4.618746,94.752407,151.6653,152.016812,249.470845,437.917993,438.395545,179.276892,590.412357,589.583293,344.223252,183.895638,453.038418,981.157308,72,72,36,4.222689222222222,12.177654027777779,4.212925,12.164388694444446,2.632011305555556,6.929745694444445,0
15,15,0.001,tesseract,5,20260927,38.158237,,,,,,,,,,,,,,,,,,,,,,,,0
15,15,0.001,perturbation_M12,5,20260927,1561.532316,4.483918,94.93579,154.571102,154.955647,252.025744,432.585865,433.02277,176.6648,587.978417,587.156967,346.961534,181.148718,445.443647,973.553899,72,72,36,4.304323527777778,12.028410277777777,4.2936417222222225,12.016274027777778,2.6371052777777777,7.000715111111111,0
15,15,0.001,perturbation_M1,5,20260927,106.846836,4.468865,6.709557,13.487886,13.520532,16.163726,29.180711,29.217273,3.538118,42.737805,42.668597,22.873283,8.006983,33.228765,64.109031,6,6,3,4.506844,9.739091,4.495962,9.726903666666667,2.236519,5.387908666666667,0
15,15,0.001,perturbation_M12,6,20260927,1835.871307,4.795757,108.781807,180.670548,181.068672,284.752729,512.153244,512.678032,200.565905,693.746704,692.823792,393.534536,205.361662,543.228405,1142.124603,72,72,36,5.029685333333333,14.241056444444446,5.018626333333334,14.226479,3.021716861111111,7.909798027777778,0
15,15,0.001,perturbation_M1,6,20260927,132.856953,4.896596,8.471426,15.736233,15.772304,18.932627,34.89936,34.938941,4.014158,50.711245,50.635593,27.404053,8.910754,45.830901,82.145708,6,6,3,5.257434666666667,11.646313666666666,5.245411,11.63312,2.8238086666666664,6.310875666666667,0
15,15,0.001,tesseract,6,20260927,44.248907,,,,,,,,,,,,,,,,,,,,,,,,0
15,15,0.001,perturbation_M1,7,20260927,123.111907,4.613677,8.081628,11.905286,11.936356,18.613275,36.882765,36.921417,4.649902,48.857773,48.788051,26.694903,9.263579,38.295652,74.254134,6,6,3,3.978785333333333,12.307139,3.9684286666666666,12.294255,2.693876,6.2044250000000005,0
15,15,0.001,tesseract,7,20260927,45.926899,,,,,,,,,,,,,,,,,,,,,,,,0
15,15,0.001,perturbation_M12,7,20260927,1678.2049,5.282772,102.340216,163.964335,164.357357,267.703532,462.238275,462.748724,189.283429,627.106081,626.20261,370.043748,194.566201,486.48887,1051.098819,72,72,36,4.565482138888889,12.854131222222222,4.554564861111111,12.839952083333333,2.8427837777777776,7.436209222222222,0
15,15,0.001,tesseract,8,20260927,34.741594,,,,,,,,,,,,,,,,,,,,,,,,0
15,15,0.001,perturbation_M12,8,20260927,1700.252749,4.203238,100.247719,169.716461,170.094971,266.100402,472.683093,473.218708,193.044824,643.313679,642.399554,366.348121,197.248062,493.342887,1056.93907,72,72,36,4.724860305555556,13.144964111111111,4.714346138888889,13.130085916666665,2.784658861111111,7.391677833333333,0
15,15,0.001,perturbation_M1,8,20260927,109.865257,4.387573,7.055594,11.688235,11.713365,16.82006,33.542323,33.575739,3.446437,45.289104,45.230558,23.875654,7.83401,32.866489,64.576153,6,6,3,3.904455,11.191913,3.8960783333333335,11.180774333333334,2.3518646666666667,5.6066866666666675,0
15,15,0.001,perturbation_M12,9,20260927,1518.066559,4.466026,92.916559,147.896486,148.220342,240.125969,420.192148,420.646962,178.498799,568.867304,568.088634,333.042528,182.964825,433.191902,949.199255,72,72,36,4.117231722222222,11.684637833333333,4.108235722222222,11.67200411111111,2.5810155277777778,6.6701658055555555,0
15,15,0.001,perturbation_M1,9,20260927,110.940271,4.43604,7.262951,12.682091,12.740525,16.840857,30.13477,30.166482,3.496765,42.907007,42.816861,24.103808,7.932805,35.996651,68.033264,6,6,3,4.246841666666667,10.055494,4.227363666666666,10.044923333333333,2.420983666666667,5.613619,0
15,15,0.001,tesseract,9,20260927,31.656237,,,,,,,,,,,,,,,,,,,,,,,,0
17,17,0.001,perturbation_M12,0,20260927,2699.552394,6.354428,152.641398,258.384,258.777549,423.879435,746.829839,747.38729,293.317539,1006.164839,1005.213839,576.520833,299.671967,817.194755,1693.387555,72,72,36,7.188265250000001,20.760758055555556,7.177333333333333,20.745273305555557,4.240038833333333,11.77442875,0
17,17,0.001,perturbation_M1,0,20260927,209.417666,6.832854,13.965089,25.345869,25.390042,29.386873,54.787356,54.841504,8.559832,80.231546,80.133225,43.351962,15.392686,70.441472,129.18612,6,6,3,8.463347333333333,18.280501333333333,8.448623,18.262452,4.655029666666667,9.795624333333334,0
17,17,0.001,tesseract,0,20260927,54.815312,,,,,,,,,,,,,,,,,,,,,,,,0
17,17,0.001,perturbation_M1,1,20260927,201.792248,6.541644,13.745634,21.746627,21.783731,27.271938,53.818848,53.865712,9.371853,75.649443,75.565475,41.017572,15.913497,69.211736,126.142805,6,6,3,7.261243666666666,17.955237333333333,7.248875666666667,17.939616,4.581878000000001,9.090646,0
17,17,0.001,tesseract,1,20260927,99.19087,,,,,,,,,,,,,,,,,,,,,,,,0
17,17,0.001,perturbation_M12,1,20260927,2858.359584,6.148695,165.993862,276.563163,277.001873,441.510051,796.932123,797.550015,309.302899,1074.551888,1073.495286,607.503913,315.451594,860.852189,1783.807696,72,72,36,7.694496472222222,22.154167083333334,7.682310083333332,22.13700341666667,4.610940611111111,12.264168083333333,0
17,17,0.001,tesseract,2,20260927,133.214282,,,,,,,,,,,,,,,,,,,,,,,,0
17,17,0.001,perturbation_M12,2,20260927,2768.840769,6.197084,157.997811,269.39633,269.824017,435.840325,773.34501,773.887905,290.21,1043.711922,1042.74134,593.838136,296.407084,834.883627,1725.128847,72,72,36,7.495111583333334,21.496886250000003,7.483231388888888,21.481805833333333,4.388828083333333,12.106675694444444,0
17,17,0.001,perturbation_M1,2,20260927,173.531528,6.43451,11.366126,18.932677,18.960681,25.198948,48.264584,48.302081,6.454812,67.262762,67.197261,36.565074,12.889322,56.81437,106.268766,6,6,3,6.320227,16.10069366666667,6.310892333333334,16.088194666666666,3.7887086666666665,8.399649333333334,0
17,17,0.001,perturbation_M12,3,20260927,2538.434965,6.434204,147.600967,244.679243,245.041223,396.512461,707.587331,708.129481,271.894189,953.170704,952.266574,544.113428,278.328393,762.82244,1585.264261,72,72,36,6.806700638888889,19.67026336111111,6.796645638888889,19.65520363888889,4.100026861111111,11.014235027777778,0
17,17,0.001,perturbation_M1,3,20260927,195.165133,6.210267,13.483996,21.804627,21.83803,26.284947,52.37317,52.43521,8.653279,74.27324,74.177797,39.768943,14.863546,66.259404,120.891893,6,6,3,7.279343333333333,17.478403333333333,7.268209,17.457723333333334,4.494665333333333,8.761649,0
17,17,0.001,tesseract,3,20260927,64.147541,,,,,,,,,,,,,,,,,,,,,,,,0
17,17,0.001,perturbation_M1,4,20260927,202.689992,6.281813,12.920327,22.619671,22.658545,28.42954,54.755641,54.822266,9.305127,77.480811,77.375312,41.349867,15.58694,68.272374,125.209181,6,6,3,7.552848333333333,18.274088666666668,7.539890333333333,18.251880333333332,4.306775666666667,9.476513333333333,0
17,17,0.001,tesseract,4,20260927,77.077872,,,,,,,,,,,,,,,,,,,,,,,,0
17,17,0.001,perturbation_M12,4,20260927,2663.430153,6.202064,154.32978,253.786211,254.179964,411.928759,745.8673,746.384338,285.987334,1000.564302,999.653511,566.258539,292.189398,804.417914,1662.865851,72,72,36,7.060554555555556,20.732898277777778,7.049616972222222,20.71853611111111,4.2869383333333335,11.442465527777777,0
17,17,0.001,tesseract,5,20260927,106.573609,,,,,,,,,,,,,,,,,,,,,,,,0
17,17,0.001,perturbation_M12,5,20260927,2788.469516,6.179258,159.464413,268.474371,268.882942,436.261591,780.790223,781.364348,295.258723,1050.24729,1049.264594,595.726004,301.437981,841.058241,1738.222226,72,72,36,7.468970611111112,21.70456522222222,7.457621416666667,21.688617305555553,4.429567027777778,12.118377527777778,0
17,17,0.001,perturbation_M1,5,20260927,172.504556,5.868227,11.480627,19.200205,19.232839,24.73621,48.054407,48.099676,6.579963,67.332515,67.254612,36.216837,12.44819,56.507014,105.172041,6,6,3,6.4109463333333325,16.033225333333334,6.4000683333333335,16.018135666666666,3.8268756666666666,8.245403333333334,0
17,17,0.001,perturbation_M12,6,20260927,2739.218631,6.36371,155.270396,265.168542,265.586296,437.88712,765.209493,765.820253,284.895309,1031.406549,1030.378035,593.157516,291.259019,823.395547,1707.812082,72,72,36,7.377397111111112,21.272784805555556,7.365792833333334,21.25581925,4.313066555555555,12.16353111111111,0
17,17,0.001,perturbation_M1,6,20260927,189.097243,7.482731,12.547016,20.416837,20.450945,29.088597,51.992033,52.03007,6.910463,72.481015,72.40887,41.635613,14.393194,60.587421,116.616228,6,6,3,6.816981666666667,17.34335666666667,6.805612333333333,17.330677666666666,4.182338666666666,9.696199,0
17,17,0.001,tesseract,6,20260927,931.802861,,,,,,,,,,,,,,,,,,,,,,,,0
17,17,0.001,perturbation_M1,7,20260927,188.072644,5.921937,12.699518,20.44327,20.475842,28.978932,50.558305,50.598326,6.616815,71.074168,71.001575,41.67845,12.538752,62.781274,116.998476,6,6,3,6.825280666666667,16.866108666666666,6.814423333333333,16.852768333333334,4.2331726666666665,9.659644,0
17,17,0.001,tesseract,7,20260927,79.354049,,,,,,,,,,,,,,,,,,,,,,,,0
17,17,0.001,perturbation_M12,7,20260927,3442.210745,6.3972,197.809774,341.448133,342.004509,551.716103,937.184757,937.811989,358.188286,1279.816498,1278.63289,749.525877,364.585486,1048.282884,2162.394247,72,72,36,9.50012525,26.05033302777778,9.48467036111111,26.032909916666668,5.494715944444445,15.325447305555555,0
17,17,0.001,tesseract,8,20260927,71.912937,,,,,,,,,,,,,,,,,,,,,,,,0
17,17,0.001,perturbation_M12,8,20260927,3190.854568,6.971554,182.466762,317.039383,317.657865,505.136833,890.88954,891.458077,333.045491,1209.115942,1207.928923,687.603595,340.017045,954.117986,1981.738626,72,72,36,8.823829583333334,24.76272436111111,8.806649527777777,24.74693166666667,5.068521166666667,14.031578694444445,0
17,17,0.001,perturbation_M1,8,20260927,205.981434,6.531532,14.121717,23.378106,23.416312,28.784776,57.320405,57.365969,9.711683,80.782281,80.698511,42.906493,16.243215,66.049445,125.199153,6,6,3,7.805437333333334,19.121989666666668,7.792701999999999,19.106801666666666,4.707239,9.594925333333334,0
17,17,0.001,perturbation_M12,9,20260927,2771.387883,8.364553,166.923785,270.350965,270.865698,438.706685,772.821271,773.401068,290.603953,1044.266766,1043.172236,605.63047,298.968506,822.522141,1727.121117,72,72,36,7.524047166666667,21.483363,7.509749027777777,21.46725752777778,4.636771805555556,12.186296805555555,0
17,17,0.001,perturbation_M1,9,20260927,194.103162,5.783523,14.090455,23.295347,23.331393,26.503577,52.217282,52.258576,7.475325,75.589969,75.512629,40.594032,13.258848,64.660313,118.513193,6,6,3,7.777131,17.419525333333333,7.7651156666666665,17.405760666666666,4.696818333333334,8.834525666666666,0
17,17,0.001,tesseract,9,20260927,49.470892,,,,,,,,,,,,,,,,,,,,,,,,0
