distance,rounds,physical_error_rate,decoder,metric,shots,mean_ms,min_ms,max_ms,median_ms
9,9,0.001,perturbation_M12,candidate_evaluate_ms,10,32.5542545,29.90142,37.252906,31.925836500000003
9,9,0.001,perturbation_M12,candidate_init_ms,10,0.9831299999999998,0.775566,1.477242,0.894989
9,9,0.001,perturbation_M12,candidate_ms,10,33.537384499999995,30.78834,38.284491,32.781527499999996
9,9,0.001,perturbation_M12,graph_ms,10,69.5684617,64.800696,76.974219,69.103841
9,9,0.001,perturbation_M12,graph_stage1_ms,10,22.190708800000003,20.970779,24.072641,21.85398
9,9,0.001,perturbation_M12,graph_stage1_per_call_ms,10,0.6164085777777777,0.5825216388888889,0.6686844722222223,0.607055
9,9,0.001,perturbation_M12,graph_stage2_ms,10,47.377752900000004,43.73745,53.253918,47.040135
9,9,0.001,perturbation_M12,graph_stage2_per_call_ms,10,1.3160486916666667,1.2149291666666668,1.4792755,1.3066704166666665
9,9,0.001,perturbation_M12,matching_ms,10,102.47294409999999,95.584831,114.671455,101.8391455
9,9,0.001,perturbation_M12,matching_stage1_ms,10,28.084800100000002,26.301989,32.069415,27.503802
9,9,0.001,perturbation_M12,matching_stage1_per_call_ms,10,0.780133336111111,0.7306108055555556,0.8908170833333333,0.7639945
9,9,0.001,perturbation_M12,matching_stage2_ms,10,74.388144,69.282842,82.60204,74.47042350000001
9,9,0.001,perturbation_M12,matching_stage2_per_call_ms,10,2.066337333333333,1.9245233888888889,2.2945011111111113,2.068622875
9,9,0.001,perturbation_M12,native_ms,10,101.9810556,95.127437,114.120295,101.31651
9,9,0.001,perturbation_M12,native_stage1_ms,10,27.8583007,26.087355,31.791501,27.281769
9,9,0.001,perturbation_M12,native_stage1_per_call_ms,10,0.7738416861111111,0.72464875,0.8830972500000001,0.7578269166666667
9,9,0.001,perturbation_M12,native_stage2_ms,10,74.12275489999999,69.040082,82.328794,74.2130665
9,9,0.001,perturbation_M12,native_stage2_per_call_ms,10,2.058965413888889,1.9177800555555555,2.2869109444444446,2.0614740694444444
9,9,0.001,perturbation_M12,other_ms,10,178.5458128,165.280277,198.868991,178.4741005
9,9,0.001,perturbation_M12,residual_ms,10,75.4399666,69.691241,83.610281,75.2382155
9,9,0.001,perturbation_M12,total_ms,10,281.0187569,260.865108,313.540446,279.370221
9,9,0.001,perturbation_M1,candidate_evaluate_ms,10,0.5220356,0.430679,0.708171,0.488317
9,9,0.001,perturbation_M1,candidate_init_ms,10,0.9279002999999999,0.787569,1.275627,0.8371835000000001
9,9,0.001,perturbation_M1,candidate_ms,10,1.4499359,1.258229,1.832532,1.371238
9,9,0.001,perturbation_M1,graph_ms,10,5.3933489,4.723716,7.041427,5.124653
9,9,0.001,perturbation_M1,graph_stage1_ms,10,1.7972479,1.605332,2.085214,1.751099
9,9,0.001,perturbation_M1,graph_stage1_per_call_ms,10,0.5990826333333333,0.5351106666666666,0.6950713333333334,0.5836996666666667
9,9,0.001,perturbation_M1,graph_stage2_ms,10,3.596101,3.094966,5.319516,3.3141265
9,9,0.001,perturbation_M1,graph_stage2_per_call_ms,10,1.1987003333333335,1.0316553333333334,1.773172,1.1047088333333333
9,9,0.001,perturbation_M1,matching_ms,10,7.985425400000001,7.232045,9.538086,7.714074500000001
9,9,0.001,perturbation_M1,matching_stage1_ms,10,2.2809136000000003,2.04086,2.756182,2.2634525
9,9,0.001,perturbation_M1,matching_stage1_per_call_ms,10,0.7603045333333333,0.6802866666666666,0.9187273333333333,0.7544841666666666
9,9,0.001,perturbation_M1,matching_stage2_ms,10,5.7045118,4.999423,7.243803,5.359858
9,9,0.001,perturbation_M1,matching_stage2_per_call_ms,10,1.901503933333333,1.6664743333333334,2.4146009999999998,1.7866193333333333
9,9,0.001,perturbation_M1,native_ms,10,7.945193900000001,7.196713,9.492931,7.667293
9,9,0.001,perturbation_M1,native_stage1_ms,10,2.2605354999999996,2.023993,2.733366,2.2451645
9,9,0.001,perturbation_M1,native_stage1_per_call_ms,10,0.7535118333333333,0.6746643333333333,0.9111220000000001,0.7483881666666667
9,9,0.001,perturbation_M1,native_stage2_ms,10,5.6846584,4.982332,7.216983,5.340935
9,9,0.001,perturbation_M1,native_stage2_per_call_ms,10,1.8948861333333333,1.6607773333333335,2.405661,1.7803116666666665
9,9,0.001,perturbation_M1,other_ms,10,13.5178244,12.12605,15.952775,13.0991505
9,9,0.001,perturbation_M1,residual_ms,10,6.6745396,5.971758,7.978515,6.4823225
9,9,0.001,perturbation_M1,total_ms,10,21.5032498,19.48516,25.490861,20.926246
9,9,0.001,tesseract,total_ms,10,4.2548381,1.938639,9.501396,3.6439329999999996
11,11,0.001,perturbation_M12,candidate_evaluate_ms,10,62.67730069999999,60.378797,65.304399,62.452788999999996
11,11,0.001,perturbation_M12,candidate_init_ms,10,1.8390144,1.566864,2.582166,1.7092450000000001
11,11,0.001,perturbation_M12,candidate_ms,10,64.51631510000001,62.285299,67.531387,64.162034
11,11,0.001,perturbation_M12,graph_ms,10,125.16821220000001,120.14792,129.50761,125.748419
11,11,0.001,perturbation_M12,graph_stage1_ms,10,36.7803573,34.736793,38.612508,36.7719345
11,11,0.001,perturbation_M12,graph_stage1_per_call_ms,10,1.0216765916666666,0.9649109166666666,1.0725696666666666,1.0214426250000002
11,11,0.001,perturbation_M12,graph_stage2_ms,10,88.38785490000001,85.333278,91.612265,88.784847
11,11,0.001,perturbation_M12,graph_stage2_per_call_ms,10,2.4552181916666664,2.3703688333333335,2.544785138888889,2.46624575
11,11,0.001,perturbation_M12,matching_ms,10,198.87503899999996,190.858026,206.072323,199.1896355
11,11,0.001,perturbation_M12,matching_stage1_ms,10,53.9863099,51.127502,56.560788,53.8034605
11,11,0.001,perturbation_M12,matching_stage1_per_call_ms,10,1.4996197194444443,1.4202083888888888,1.5711330000000001,1.4945405694444445
11,11,0.001,perturbation_M12,matching_stage2_ms,10,144.8887291,139.730524,149.875137,144.8213805
11,11,0.001,perturbation_M12,matching_stage2_per_call_ms,10,4.024686919444445,3.8814034444444445,4.16319825,4.022816125
11,11,0.001,perturbation_M12,native_ms,10,198.29274819999998,190.337492,205.473049,198.607103
11,11,0.001,perturbation_M12,native_stage1_ms,10,53.71739190000001,50.874833,56.290451,53.5334295
11,11,0.001,perturbation_M12,native_stage1_per_call_ms,10,1.492149775,1.4131898055555556,1.563623638888889,1.4870397083333333
11,11,0.001,perturbation_M12,native_stage2_ms,10,144.5753563,139.462659,149.586871,144.4361505
11,11,0.001,perturbation_M12,native_stage2_per_call_ms,10,4.015982119444445,3.87396275,4.1551908611111115,4.0121152916666665
11,11,0.001,perturbation_M12,other_ms,10,333.1026398,319.365996,345.874467,333.3750115
11,11,0.001,perturbation_M12,residual_ms,10,143.41811250000003,136.849842,149.457836,144.12478049999999
11,11,0.001,perturbation_M12,total_ms,10,531.9776788000001,513.280041,549.520676,533.2728665
11,11,0.001,perturbation_M1,candidate_evaluate_ms,10,1.0487179000000002,0.945636,1.208381,1.01364
11,11,0.001,perturbation_M1,candidate_init_ms,10,1.7715471,1.539256,2.096845,1.780799
11,11,0.001,perturbation_M1,candidate_ms,10,2.820265,2.532362,3.075278,2.824159
11,11,0.001,perturbation_M1,graph_ms,10,9.292656099999999,8.478165,11.4142,8.788913
11,11,0.001,perturbation_M1,graph_stage1_ms,10,2.9991673,2.632796,3.608607,2.9091674999999997
11,11,0.001,perturbation_M1,graph_stage1_per_call_ms,10,0.9997224333333333,0.8775986666666666,1.202869,0.9697225
11,11,0.001,perturbation_M1,graph_stage2_ms,10,6.2934888,5.506892,7.805593,6.0005115
11,11,0.001,perturbation_M1,graph_stage2_per_call_ms,10,2.0978296,1.8356306666666666,2.6018643333333333,2.0001705
11,11,0.001,perturbation_M1,matching_ms,10,15.353151899999997,13.717515,18.174562,15.2714
11,11,0.001,perturbation_M1,matching_stage1_ms,10,4.3352146000000005,3.825038,6.299776,4.1446035000000006
11,11,0.001,perturbation_M1,matching_stage1_per_call_ms,10,1.4450715333333333,1.2750126666666668,2.099925333333333,1.3815344999999999
11,11,0.001,perturbation_M1,matching_stage2_ms,10,11.017937300000002,9.892477,11.874786,11.1662645
11,11,0.001,perturbation_M1,matching_stage2_per_call_ms,10,3.6726457666666668,3.297492333333333,3.958262,3.7220881666666665
11,11,0.001,perturbation_M1,native_ms,10,15.3061015,13.681011,18.125389,15.232524
11,11,0.001,perturbation_M1,native_stage1_ms,10,4.3157068,3.807831,6.276239,4.125997
11,11,0.001,perturbation_M1,native_stage1_per_call_ms,10,1.4385689333333334,1.269277,2.092079666666667,1.3753323333333332
11,11,0.001,perturbation_M1,native_stage2_ms,10,10.9903947,9.87318,11.84915,11.145283
11,11,0.001,perturbation_M1,native_stage2_per_call_ms,10,3.6634649,3.29106,3.9497166666666668,3.715094333333333
11,11,0.001,perturbation_M1,other_ms,10,23.605303,22.157423,26.799322,22.826289
11,11,0.001,perturbation_M1,residual_ms,10,11.4923819,10.864236,12.695818,11.380236
11,11,0.001,perturbation_M1,total_ms,10,38.9584549,35.874938,44.82955,38.033119
11,11,0.001,tesseract,total_ms,10,11.8601811,5.303807,37.109065,9.014972499999999
13,13,0.001,perturbation_M12,candidate_evaluate_ms,10,104.82090329999998,96.978859,113.449268,104.21083999999999
13,13,0.001,perturbation_M12,candidate_init_ms,10,3.2126010999999997,2.66611,4.171619,3.137452
13,13,0.001,perturbation_M12,candidate_ms,10,108.0335044,99.697189,116.427925,108.130695
13,13,0.001,perturbation_M12,graph_ms,10,211.7374233,200.06705,226.680627,210.578863
13,13,0.001,perturbation_M12,graph_stage1_ms,10,60.1101534,55.991983,63.303609,60.429675
13,13,0.001,perturbation_M12,graph_stage1_per_call_ms,10,1.6697264833333336,1.555332861111111,1.7584335833333333,1.6786020833333335
13,13,0.001,perturbation_M12,graph_stage2_ms,10,151.6272699,144.075067,163.377018,151.4283805
13,13,0.001,perturbation_M12,graph_stage2_per_call_ms,10,4.211868608333334,4.002085194444444,4.5382505,4.206343902777778
13,13,0.001,perturbation_M12,matching_ms,10,355.7437311,334.576289,395.174806,351.8699425
13,13,0.001,perturbation_M12,matching_stage1_ms,10,93.14170670000001,90.332921,98.571404,92.441052
13,13,0.001,perturbation_M12,matching_stage1_per_call_ms,10,2.5872696305555554,2.5092478055555554,2.7380945555555556,2.567807
13,13,0.001,perturbation_M12,matching_stage2_ms,10,262.6020244,244.243368,296.603402,259.8124395
13,13,0.001,perturbation_M12,matching_stage2_per_call_ms,10,7.294500677777778,6.784538,8.23898338888889,7.217012208333333
13,13,0.001,perturbation_M12,native_ms,10,354.97061500000007,333.933978,394.320133,351.1207595
13,13,0.001,perturbation_M12,native_stage1_ms,10,92.77321629999999,90.023739,98.194182,91.94703949999999
13,13,0.001,perturbation_M12,native_stage1_per_call_ms,10,2.5770337861111114,2.5006594166666667,2.7276161666666665,2.5540844305555552
13,13,0.001,perturbation_M12,native_stage2_ms,10,262.1973987,243.910239,296.125951,259.422279
13,13,0.001,perturbation_M12,native_stage2_per_call_ms,10,7.283261075,6.775284416666667,8.22572086111111,7.206174416666666
13,13,0.001,perturbation_M12,other_ms,10,583.596918,543.780164,631.226067,578.271876
13,13,0.001,perturbation_M12,residual_ms,10,263.82599029999994,244.015925,288.117515,260.5529375
13,13,0.001,perturbation_M12,total_ms,10,939.3406491,878.356453,1026.400873,930.9393345000001
13,13,0.001,perturbation_M1,candidate_evaluate_ms,10,2.0985293,1.77721,2.592597,2.0957925
13,13,0.001,perturbation_M1,candidate_init_ms,10,2.7883321000000003,2.476326,3.111995,2.81168
13,13,0.001,perturbation_M1,candidate_ms,10,4.886861399999999,4.253536,5.317981,4.934340499999999
13,13,0.001,perturbation_M1,graph_ms,10,15.221300100000002,14.013135,17.686069,15.330955
13,13,0.001,perturbation_M1,graph_stage1_ms,10,4.8145193,4.280948,5.352939,4.8273725
13,13,0.001,perturbation_M1,graph_stage1_per_call_ms,10,1.6048397666666667,1.4269826666666667,1.784313,1.6091241666666667
13,13,0.001,perturbation_M1,graph_stage2_ms,10,10.4067808,9.459633,12.33313,10.4523775
13,13,0.001,perturbation_M1,graph_stage2_per_call_ms,10,3.4689269333333335,3.153211,4.111043333333334,3.4841258333333336
13,13,0.001,perturbation_M1,matching_ms,10,26.753900599999998,23.7498,32.27632,26.672111
13,13,0.001,perturbation_M1,matching_stage1_ms,10,7.563849500000001,6.825326,8.307021,7.5678374999999996
13,13,0.001,perturbation_M1,matching_stage1_per_call_ms,10,2.5212831666666666,2.2751086666666667,2.769007,2.5226125
13,13,0.001,perturbation_M1,matching_stage2_ms,10,19.1900511,16.924474,24.358834,18.930915
13,13,0.001,perturbation_M1,matching_stage2_per_call_ms,10,6.3966837,5.641491333333334,8.119611333333333,6.310305
13,13,0.001,perturbation_M1,native_ms,10,26.697316900000004,23.700335,32.210052,26.6046595
13,13,0.001,perturbation_M1,native_stage1_ms,10,7.535350600000001,6.799447,8.279942,7.529679
13,13,0.001,perturbation_M1,native_stage1_per_call_ms,10,2.5117835333333334,2.2664823333333333,2.759980666666667,2.509893
13,13,0.001,perturbation_M1,native_stage2_ms,10,19.1619663,16.900888,24.319158,18.9051635
13,13,0.001,perturbation_M1,native_stage2_per_call_ms,10,6.3873221000000004,5.6336293333333325,8.106386,6.301721166666667
13,13,0.001,perturbation_M1,other_ms,10,41.0444416,36.704605,47.925795,41.2857365
13,13,0.001,perturbation_M1,residual_ms,10,20.9362801,18.345175,24.945124,20.944819000000003
13,13,0.001,perturbation_M1,total_ms,10,67.79834220000001,60.454405,80.202115,67.804506
13,13,0.001,tesseract,total_ms,10,23.2182962,14.111013,49.666998,20.544072
15,15,0.001,perturbation_M12,candidate_evaluate_ms,10,191.0086588,176.6648,223.027124,191.1641265
15,15,0.001,perturbation_M12,candidate_init_ms,10,4.8123056,4.203238,6.737734,4.5703885
15,15,0.001,perturbation_M12,candidate_ms,10,195.8209644,181.148718,227.377634,195.9071315
15,15,0.001,perturbation_M12,graph_ms,10,372.7326529,333.042528,455.53909,368.1959345
15,15,0.001,perturbation_M12,graph_stage1_ms,10,102.90861600000001,90.59911,128.94019,101.29396750000001
15,15,0.001,perturbation_M12,graph_stage1_per_call_ms,10,2.8585726666666664,2.5166419444444443,3.5816719444444445,2.8137213194444444
15,15,0.001,perturbation_M12,graph_stage2_ms,10,269.82403690000007,240.125969,326.5989,266.901967
15,15,0.001,perturbation_M12,graph_stage2_per_call_ms,10,7.495112136111111,6.6701658055555555,9.072191666666667,7.413943527777777
15,15,0.001,perturbation_M12,matching_ms,10,640.2040019,568.867304,750.597499,635.20988
15,15,0.001,perturbation_M12,matching_stage1_ms,10,168.8545051,148.220342,202.773173,167.22616399999998
15,15,0.001,perturbation_M12,matching_stage1_per_call_ms,10,4.690402919444444,4.117231722222222,5.632588138888889,4.645171222222222
15,15,0.001,perturbation_M12,matching_stage2_ms,10,471.3494968,420.646962,547.824326,467.98371599999996
15,15,0.001,perturbation_M12,matching_stage2_per_call_ms,10,13.093041577777777,11.684637833333333,15.21734238888889,12.999547666666667
15,15,0.001,perturbation_M12,native_ms,10,639.2945378,568.088634,749.480874,634.301082
15,15,0.001,perturbation_M12,native_stage1_ms,10,168.4625402,147.896486,202.280619,166.840398
15,15,0.001,perturbation_M12,native_stage1_per_call_ms,10,4.679515005555555,4.108235722222222,5.618906083333333,4.6344555
15,15,0.001,perturbation_M12,native_stage2_ms,10,470.83199759999997,420.192148,547.200255,467.460684
15,15,0.001,perturbation_M12,native_stage2_per_call_ms,10,13.0786666,11.67200411111111,15.200007083333333,12.985019
15,15,0.001,perturbation_M12,other_ms,10,1060.4756032,949.199255,1278.521812,1054.0189445
15,15,0.001,perturbation_M12,residual_ms,10,491.9219859000001,433.191902,595.605088,489.9158785
15,15,0.001,perturbation_M12,total_ms,10,1700.6796050999997,1518.066559,2029.119311,1689.2288245
15,15,0.001,perturbation_M1,candidate_evaluate_ms,10,3.9256316999999994,3.384679,4.833866,3.8617904999999997
15,15,0.001,perturbation_M1,candidate_init_ms,10,4.7579895,4.142959,6.547939,4.541271
15,15,0.001,perturbation_M1,candidate_ms,10,8.683621200000001,7.83401,11.381805,8.268453000000001
15,15,0.001,perturbation_M1,graph_ms,10,24.7670094,22.430587,27.404053,23.989731
15,15,0.001,perturbation_M1,graph_stage1_ms,10,7.8113229,6.709557,9.828226,7.3433855
15,15,0.001,perturbation_M1,graph_stage1_per_call_ms,10,2.6037743000000004,2.236519,3.2760753333333335,2.447795166666667
15,15,0.001,perturbation_M1,graph_stage2_ms,10,16.9556865,15.492875,18.932627,16.8304585
15,15,0.001,perturbation_M1,graph_stage2_per_call_ms,10,5.6518955,5.164291666666666,6.310875666666667,5.610152833333334
15,15,0.001,perturbation_M1,matching_ms,10,45.51689280000001,41.369193,50.711245,44.0980555
15,15,0.001,perturbation_M1,matching_stage1_ms,10,12.9684652,11.379926,15.772304,12.982837499999999
15,15,0.001,perturbation_M1,matching_stage1_per_call_ms,10,4.322821733333333,3.7933086666666664,5.257434666666667,4.3276125
15,15,0.001,perturbation_M1,matching_stage2_ms,10,32.5484276,29.217273,36.921417,31.8711105
15,15,0.001,perturbation_M1,matching_stage2_per_call_ms,10,10.849475866666667,9.739091,12.307139,10.6237035
15,15,0.001,perturbation_M1,native_ms,10,45.4468692,41.304944,50.635593,44.0237095
15,15,0.001,perturbation_M1,native_stage1_ms,10,12.9353133,11.352634,15.736233,12.9390025
15,15,0.001,perturbation_M1,native_stage1_per_call_ms,10,4.3117711000000005,3.7842113333333334,5.245411,4.313000833333334
15,15,0.001,perturbation_M1,native_stage2_ms,10,32.511555900000005,29.180711,36.882765,31.8385465
15,15,0.001,perturbation_M1,native_stage2_per_call_ms,10,10.837185299999998,9.726903666666667,12.294255,10.612848833333334
15,15,0.001,perturbation_M1,other_ms,10,70.83356909999999,62.389469,83.027322,68.12234699999999
15,15,0.001,perturbation_M1,residual_ms,10,37.382938499999995,31.833601,45.830901,36.3584035
15,15,0.001,perturbation_M1,total_ms,10,116.35046189999998,103.758662,133.702217,110.55603099999999
15,15,0.001,tesseract,total_ms,10,39.97375649999999,23.668953,72.676056,37.260406
17,17,0.001,perturbation_M12,candidate_evaluate_ms,10,301.27037229999996,271.894189,358.188286,291.960746
17,17,0.001,perturbation_M12,candidate_init_ms,10,6.561275,6.148695,8.364553,6.359069
17,17,0.001,perturbation_M12,candidate_ms,10,307.83164730000004,278.328393,364.585486,299.32023649999996
17,17,0.001,perturbation_M12,graph_ms,10,611.9878311,544.113428,749.525877,594.78207
17,17,0.001,perturbation_M12,graph_stage1_ms,10,164.0498948,147.600967,197.809774,158.731112
17,17,0.001,perturbation_M12,graph_stage1_per_call_ms,10,4.556941522222222,4.100026861111111,5.494715944444445,4.409197555555556
17,17,0.001,perturbation_M12,graph_stage2_ms,10,447.9379363,396.512461,551.716103,437.0743555
17,17,0.001,perturbation_M12,graph_stage2_per_call_ms,10,12.442720452777777,11.014235027777778,15.325447305555555,12.140954319444443
17,17,0.001,perturbation_M12,matching_ms,10,1069.30167,953.170704,1279.816498,1043.989344
17,17,0.001,perturbation_M12,matching_stage1_ms,10,276.9821936,245.041223,342.004509,269.35347950000005
17,17,0.001,perturbation_M12,matching_stage1_per_call_ms,10,7.693949822222221,6.806700638888889,9.50012525,7.482041097222223
17,17,0.001,perturbation_M12,matching_stage2_ms,10,792.3194764,708.129481,937.811989,773.6444865000001
17,17,0.001,perturbation_M12,matching_stage2_per_call_ms,10,22.008874344444443,19.67026336111111,26.05033302777778,21.490124625
17,17,0.001,perturbation_M12,native_ms,10,1068.2747227999998,952.266574,1278.63289,1042.956788
17,17,0.001,perturbation_M12,native_stage1_ms,10,276.5290341,244.679243,341.448133,268.9353505
17,17,0.001,perturbation_M12,native_stage1_per_call_ms,10,7.681362058333333,6.796645638888889,9.48467036111111,7.470426402777777
17,17,0.001,perturbation_M12,native_stage2_ms,10,791.7456887,707.587331,937.184757,773.0831405
17,17,0.001,perturbation_M12,native_stage2_per_call_ms,10,21.992935797222223,19.65520363888889,26.032909916666668,21.474531680555558
17,17,0.001,perturbation_M12,other_ms,10,1776.7742508000003,1585.264261,2162.394247,1726.1249819999998
17,17,0.001,perturbation_M12,residual_ms,10,856.9547724,762.82244,1048.282884,829.139587
17,17,0.001,perturbation_M12,total_ms,10,2846.0759207999995,2538.434965,3442.210745,2770.114326
17,17,0.001,perturbation_M1,candidate_evaluate_ms,10,7.9639152,6.454812,9.711683,8.017578499999999
17,17,0.001,perturbation_M1,candidate_init_ms,10,6.3889038,5.783523,7.482731,6.3581615
17,17,0.001,perturbation_M1,candidate_ms,10,14.352819,12.44819,16.243215,14.62837
17,17,0.001,perturbation_M1,graph_ms,10,40.5084843,36.216837,43.351962,41.1837195
17,17,0.001,perturbation_M1,graph_stage1_ms,10,13.042050499999998,11.366126,14.121717,13.202161499999999
17,17,0.001,perturbation_M1,graph_stage1_per_call_ms,10,4.347350166666667,3.7887086666666665,4.707239,4.4007205
17,17,0.001,perturbation_M1,graph_stage2_ms,10,27.466433799999997,24.73621,29.386873,27.850738999999997
17,17,0.001,perturbation_M1,graph_stage2_per_call_ms,10,9.155477933333334,8.245403333333334,9.795624333333334,9.283579666666666
17,17,0.001,perturbation_M1,matching_ms,10,74.215775,67.262762,80.782281,74.93160449999999
17,17,0.001,perturbation_M1,matching_stage1_ms,10,21.753836,18.960681,25.390042,21.8108805
17,17,0.001,perturbation_M1,matching_stage1_per_call_ms,10,7.251278666666666,6.320227,8.463347333333333,7.270293499999999
17,17,0.001,perturbation_M1,matching_stage2_ms,10,52.461938999999994,48.099676,57.365969,52.346892999999994
17,17,0.001,perturbation_M1,matching_stage2_per_call_ms,10,17.487313,16.033225333333334,19.121989666666668,17.448964333333333
17,17,0.001,perturbation_M1,native_ms,10,74.1325267,67.197261,80.698511,74.845213
17,17,0.001,perturbation_M1,native_stage1_ms,10,21.718323599999998,18.932677,25.345869,21.775627
17,17,0.001,perturbation_M1,native_stage1_per_call_ms,10,7.239441200000002,6.310892333333334,8.448623,7.258542333333333
17,17,0.001,perturbation_M1,native_stage2_ms,10,52.414203099999995,48.054407,57.320405,52.295226
17,17,0.001,perturbation_M1,native_stage2_per_call_ms,10,17.47140103333333,16.018135666666666,19.106801666666666,17.431742
17,17,0.001,perturbation_M1,other_ms,10,119.0197856,105.172041,129.18612,119.70254299999999
17,17,0.001,perturbation_M1,residual_ms,10,64.1584823,56.507014,70.441472,65.35487900000001
17,17,0.001,perturbation_M1,total_ms,10,193.2355606,172.504556,209.417666,194.63414749999998
17,17,0.001,tesseract,total_ms,10,166.75602250000003,49.470892,931.802861,78.2159605
