distance,mode,variant,construction_seconds
9,ordinary,uncached_per_shot,2.159295977999136
9,ordinary,optimized,2.064307980999729
9,M1,uncached_per_shot,1.9276251999999658
9,M1,optimized,2.1240142129991
9,M12,uncached_per_shot,1.9501759850008966
9,M12,optimized,2.2321343009989505
13,ordinary,uncached_per_shot,6.1530786999992415
13,ordinary,optimized,6.4023451220000425
13,M1,uncached_per_shot,6.0999771719998535
13,M1,optimized,6.394387074000406
13,M12,uncached_per_shot,6.128421004001211
13,M12,optimized,6.54375900299965
17,ordinary,uncached_per_shot,7.07617990000108
17,ordinary,optimized,7.018725378000454
17,M1,uncached_per_shot,7.045473161999325
17,M1,optimized,7.643056028000501
17,M12,uncached_per_shot,6.932304949999889
17,M12,optimized,7.538596523001615
