distance,mode,variant,phase,full_output,batch_size,repeat,total_ms,ms_per_shot,rss_after_mb,graph_count,candidate_digest
9,M1,legacy_fixed_072a87d,first_decode,False,1,0,21.87453800070216,21.87453800070216,279.7421875,6,c6c300d136fb51f4f1a3c3005fe8542c7a2adaa8a277dd324bea01091f2175ba
9,M1,optimized_final,first_decode,False,1,0,21.431205001135822,21.431205001135822,286.77734375,6,c6c300d136fb51f4f1a3c3005fe8542c7a2adaa8a277dd324bea01091f2175ba
9,M1,legacy_fixed_072a87d,steady,False,1,0,16.390165998018347,16.390165998018347,289.2109375,6,da9ae26b4296b24a1d90a17dc33640a944f466ae03795bd73775b0410ae6f2b4
9,M1,optimized_final,steady,False,1,0,1.5146480000112206,1.5146480000112206,289.2109375,0,da9ae26b4296b24a1d90a17dc33640a944f466ae03795bd73775b0410ae6f2b4
9,M1,optimized_final,steady,False,1,1,0.7396969995170366,0.7396969995170366,289.2109375,0,da9ae26b4296b24a1d90a17dc33640a944f466ae03795bd73775b0410ae6f2b4
9,M1,legacy_fixed_072a87d,steady,False,1,1,13.114296998537611,13.114296998537611,289.2109375,6,da9ae26b4296b24a1d90a17dc33640a944f466ae03795bd73775b0410ae6f2b4
9,M1,legacy_fixed_072a87d,steady,False,1,2,13.699870003620163,13.699870003620163,289.3828125,6,da9ae26b4296b24a1d90a17dc33640a944f466ae03795bd73775b0410ae6f2b4
9,M1,optimized_final,steady,False,1,2,0.8516259986208752,0.8516259986208752,289.3828125,0,da9ae26b4296b24a1d90a17dc33640a944f466ae03795bd73775b0410ae6f2b4
9,M1,optimized_final,steady,False,10,0,2.8101030002289917,0.2810103000228992,289.63671875,0,a2085dee69bf35eb3c078a827ae2f5a12502bf17734977af8bc786eddcf21dcc
9,M1,legacy_fixed_072a87d,steady,False,10,0,17.840156000602292,1.7840156000602292,290.0234375,6,a2085dee69bf35eb3c078a827ae2f5a12502bf17734977af8bc786eddcf21dcc
9,M1,legacy_fixed_072a87d,steady,False,100,0,64.62770199868828,0.6462770199868828,295.5859375,6,8e755609c5d1aedda73db91c5b6fdad8dfc3f6f396441b966bc747a51c12bf78
9,M1,optimized_final,steady,False,100,0,13.969057999929646,0.13969057999929646,295.5859375,0,8e755609c5d1aedda73db91c5b6fdad8dfc3f6f396441b966bc747a51c12bf78
9,M1,legacy_fixed_072a87d,warm_format_switch,True,1,0,21.24856799855479,21.24856799855479,295.5859375,6,c6c300d136fb51f4f1a3c3005fe8542c7a2adaa8a277dd324bea01091f2175ba
9,M1,optimized_final,warm_format_switch,True,1,0,0.7947710000735242,0.7947710000735242,295.5859375,0,c6c300d136fb51f4f1a3c3005fe8542c7a2adaa8a277dd324bea01091f2175ba
9,M1,legacy_fixed_072a87d,steady,True,1,0,18.773963001876837,18.773963001876837,295.6484375,6,da9ae26b4296b24a1d90a17dc33640a944f466ae03795bd73775b0410ae6f2b4
9,M1,optimized_final,steady,True,1,0,0.6407159999071155,0.6407159999071155,295.6484375,0,da9ae26b4296b24a1d90a17dc33640a944f466ae03795bd73775b0410ae6f2b4
9,M1,optimized_final,steady,True,1,1,0.6157700008770917,0.6157700008770917,295.6484375,0,da9ae26b4296b24a1d90a17dc33640a944f466ae03795bd73775b0410ae6f2b4
9,M1,legacy_fixed_072a87d,steady,True,1,1,18.37803300077212,18.37803300077212,295.6484375,6,da9ae26b4296b24a1d90a17dc33640a944f466ae03795bd73775b0410ae6f2b4
9,M1,legacy_fixed_072a87d,steady,True,1,2,18.96031099749962,18.96031099749962,295.6484375,6,da9ae26b4296b24a1d90a17dc33640a944f466ae03795bd73775b0410ae6f2b4
9,M1,optimized_final,steady,True,1,2,0.6513830012409016,0.6513830012409016,295.6484375,0,da9ae26b4296b24a1d90a17dc33640a944f466ae03795bd73775b0410ae6f2b4
9,M1,optimized_final,steady,True,10,0,2.3065299974405207,0.23065299974405207,295.6484375,0,a2085dee69bf35eb3c078a827ae2f5a12502bf17734977af8bc786eddcf21dcc
9,M1,legacy_fixed_072a87d,steady,True,10,0,14.450987000600435,1.4450987000600435,295.6484375,6,a2085dee69bf35eb3c078a827ae2f5a12502bf17734977af8bc786eddcf21dcc
9,M1,legacy_fixed_072a87d,steady,True,100,0,32.45254400098929,0.3245254400098929,297.29296875,6,8e755609c5d1aedda73db91c5b6fdad8dfc3f6f396441b966bc747a51c12bf78
9,M1,optimized_final,steady,True,100,0,19.16816900120466,0.1916816900120466,300.6640625,0,8e755609c5d1aedda73db91c5b6fdad8dfc3f6f396441b966bc747a51c12bf78
9,M12,legacy_fixed_072a87d,first_decode,False,1,0,9036.381290999998,9036.381290999998,620.25390625,72,2b78ef6e8132ea9ffff7e62a3e41d2e0fbcfb83c048252c309af6a239951b139
9,M12,optimized_final,first_decode,False,1,0,333.0784899990249,333.0784899990249,728.13671875,72,2b78ef6e8132ea9ffff7e62a3e41d2e0fbcfb83c048252c309af6a239951b139
9,M12,legacy_fixed_072a87d,steady,False,1,0,182.44292000235873,182.44292000235873,728.140625,72,c0d188afceb13a00a5a17dc66ae1a0e7846ce35224618b25660adc949a2bf136
9,M12,optimized_final,steady,False,1,0,184.47014999765088,184.47014999765088,730.33203125,66,ac6eba799d9e2f116eb835bf42da4105c1bf2b40935bbdb9e64fc0c348784555
9,M12,optimized_final,steady,False,1,1,180.61114599913708,180.61114599913708,730.48828125,66,92637a85a09226aa674a9589055f375d0e36e7b3b2bffbbcb027090fc79b0fc6
9,M12,legacy_fixed_072a87d,steady,False,1,1,184.59417399935774,184.59417399935774,730.5,72,c0d188afceb13a00a5a17dc66ae1a0e7846ce35224618b25660adc949a2bf136
9,M12,legacy_fixed_072a87d,steady,False,1,2,185.04509400008828,185.04509400008828,730.5,72,c0d188afceb13a00a5a17dc66ae1a0e7846ce35224618b25660adc949a2bf136
9,M12,optimized_final,steady,False,1,2,193.17384399982984,193.17384399982984,730.5234375,66,fd48892ff123d2782cbbaf57cf0aab6e7b95e74cbe538be1c8a44be2269d1f92
9,M12,optimized_final,steady,False,10,0,1913.7158140001702,191.37158140001702,730.52734375,660,4ff26cec99c43d537d878691edea745a765cc1fc9036d6206daff7536a06e4b5
9,M12,legacy_fixed_072a87d,steady,False,10,0,364.37512100019376,36.437512100019376,730.52734375,72,e01985c0535cf5aa712ef20cb803ba9e4ab9d02991dae81e3b52a731970c5223
9,M12,legacy_fixed_072a87d,warm_format_switch,True,1,0,207.6961590028077,207.6961590028077,730.52734375,72,2b78ef6e8132ea9ffff7e62a3e41d2e0fbcfb83c048252c309af6a239951b139
9,M12,optimized_final,warm_format_switch,True,1,0,180.79995699736173,180.79995699736173,730.52734375,66,2b78ef6e8132ea9ffff7e62a3e41d2e0fbcfb83c048252c309af6a239951b139
9,M12,legacy_fixed_072a87d,steady,True,1,0,174.97736799850827,174.97736799850827,730.52734375,72,c0d188afceb13a00a5a17dc66ae1a0e7846ce35224618b25660adc949a2bf136
9,M12,optimized_final,steady,True,1,0,185.42635099947802,185.42635099947802,730.52734375,66,ac6eba799d9e2f116eb835bf42da4105c1bf2b40935bbdb9e64fc0c348784555
9,M12,optimized_final,steady,True,1,1,182.7747110000928,182.7747110000928,730.52734375,66,92637a85a09226aa674a9589055f375d0e36e7b3b2bffbbcb027090fc79b0fc6
9,M12,legacy_fixed_072a87d,steady,True,1,1,177.27036799988127,177.27036799988127,730.52734375,72,c0d188afceb13a00a5a17dc66ae1a0e7846ce35224618b25660adc949a2bf136
9,M12,legacy_fixed_072a87d,steady,True,1,2,189.76744400060852,189.76744400060852,730.52734375,72,c0d188afceb13a00a5a17dc66ae1a0e7846ce35224618b25660adc949a2bf136
9,M12,optimized_final,steady,True,1,2,190.12718000158202,190.12718000158202,730.52734375,66,fd48892ff123d2782cbbaf57cf0aab6e7b95e74cbe538be1c8a44be2269d1f92
9,M12,optimized_final,steady,True,10,0,1883.4184129991627,188.34184129991627,734.4453125,660,4ff26cec99c43d537d878691edea745a765cc1fc9036d6206daff7536a06e4b5
9,M12,legacy_fixed_072a87d,steady,True,10,0,314.7597150018555,31.47597150018555,735.78515625,72,e01985c0535cf5aa712ef20cb803ba9e4ab9d02991dae81e3b52a731970c5223
13,M1,legacy_fixed_072a87d,first_decode,False,1,0,70.64527700276813,70.64527700276813,599.421875,6,80dada1bc4a79a913c3493c9690ad4f1ae8a157a5facb5c2e4f231a50ee09ce3
13,M1,optimized_final,first_decode,False,1,0,47.406005000084406,47.406005000084406,599.4296875,6,80dada1bc4a79a913c3493c9690ad4f1ae8a157a5facb5c2e4f231a50ee09ce3
13,M1,legacy_fixed_072a87d,steady,False,1,0,43.51648900046712,43.51648900046712,599.61328125,6,5ec25bdc7111556cf5b5593449a8f3918be3c123587e697717c1459d19457e73
13,M1,optimized_final,steady,False,1,0,1.9961539983341936,1.9961539983341936,599.61328125,0,5ec25bdc7111556cf5b5593449a8f3918be3c123587e697717c1459d19457e73
13,M1,optimized_final,steady,False,1,1,1.2039680004818365,1.2039680004818365,599.61328125,0,5ec25bdc7111556cf5b5593449a8f3918be3c123587e697717c1459d19457e73
13,M1,legacy_fixed_072a87d,steady,False,1,1,44.09808100172086,44.09808100172086,599.61328125,6,5ec25bdc7111556cf5b5593449a8f3918be3c123587e697717c1459d19457e73
13,M1,legacy_fixed_072a87d,steady,False,1,2,42.70694799924968,42.70694799924968,599.61328125,6,5ec25bdc7111556cf5b5593449a8f3918be3c123587e697717c1459d19457e73
13,M1,optimized_final,steady,False,1,2,1.30095100030303,1.30095100030303,599.61328125,0,5ec25bdc7111556cf5b5593449a8f3918be3c123587e697717c1459d19457e73
13,M1,optimized_final,steady,False,10,0,7.193569999799365,0.7193569999799365,599.8203125,0,141ddd39eb11b6cc559f4054989485b63bd78bf3c437b5068da775a9733fd516
13,M1,legacy_fixed_072a87d,steady,False,10,0,47.05583300165017,4.705583300165017,599.8203125,6,141ddd39eb11b6cc559f4054989485b63bd78bf3c437b5068da775a9733fd516
13,M1,legacy_fixed_072a87d,steady,False,100,0,134.8277440010861,1.348277440010861,602.1015625,6,44fffa9dcf393b75612e6fccec35b39dc7075ff1c670da0049bfbce2dd8bf34b
13,M1,optimized_final,steady,False,100,0,48.87034300190862,0.4887034300190862,602.1015625,0,44fffa9dcf393b75612e6fccec35b39dc7075ff1c670da0049bfbce2dd8bf34b
13,M1,legacy_fixed_072a87d,warm_format_switch,True,1,0,56.00043199956417,56.00043199956417,602.1015625,6,80dada1bc4a79a913c3493c9690ad4f1ae8a157a5facb5c2e4f231a50ee09ce3
13,M1,optimized_final,warm_format_switch,True,1,0,1.4812340014032088,1.4812340014032088,602.1015625,0,80dada1bc4a79a913c3493c9690ad4f1ae8a157a5facb5c2e4f231a50ee09ce3
13,M1,legacy_fixed_072a87d,steady,True,1,0,50.37724700014223,50.37724700014223,602.1171875,6,5ec25bdc7111556cf5b5593449a8f3918be3c123587e697717c1459d19457e73
13,M1,optimized_final,steady,True,1,0,1.3179050001781434,1.3179050001781434,602.1171875,0,5ec25bdc7111556cf5b5593449a8f3918be3c123587e697717c1459d19457e73
13,M1,optimized_final,steady,True,1,1,1.0683729997253977,1.0683729997253977,602.1171875,0,5ec25bdc7111556cf5b5593449a8f3918be3c123587e697717c1459d19457e73
13,M1,legacy_fixed_072a87d,steady,True,1,1,45.00964700127952,45.00964700127952,602.1171875,6,5ec25bdc7111556cf5b5593449a8f3918be3c123587e697717c1459d19457e73
13,M1,legacy_fixed_072a87d,steady,True,1,2,43.60448700026609,43.60448700026609,602.1171875,6,5ec25bdc7111556cf5b5593449a8f3918be3c123587e697717c1459d19457e73
13,M1,optimized_final,steady,True,1,2,1.2013619998469949,1.2013619998469949,602.1171875,0,5ec25bdc7111556cf5b5593449a8f3918be3c123587e697717c1459d19457e73
13,M1,optimized_final,steady,True,10,0,5.361922998417867,0.5361922998417867,602.1171875,0,141ddd39eb11b6cc559f4054989485b63bd78bf3c437b5068da775a9733fd516
13,M1,legacy_fixed_072a87d,steady,True,10,0,49.53867199947126,4.953867199947126,602.1171875,6,141ddd39eb11b6cc559f4054989485b63bd78bf3c437b5068da775a9733fd516
13,M1,legacy_fixed_072a87d,steady,True,100,0,139.48972999787657,1.3948972999787657,602.17578125,6,44fffa9dcf393b75612e6fccec35b39dc7075ff1c670da0049bfbce2dd8bf34b
13,M1,optimized_final,steady,True,100,0,62.71018099869252,0.6271018099869252,602.91796875,0,44fffa9dcf393b75612e6fccec35b39dc7075ff1c670da0049bfbce2dd8bf34b
13,M12,legacy_fixed_072a87d,first_decode,False,1,0,28168.6762299978,28168.6762299978,1511.5703125,72,d0a571570d8274ecb678f0d39371f324d41d736f8665f5ec285e6a3150cd80a1
13,M12,optimized_final,first_decode,False,1,0,1080.2743029998965,1080.2743029998965,1860.30859375,72,d0a571570d8274ecb678f0d39371f324d41d736f8665f5ec285e6a3150cd80a1
13,M12,legacy_fixed_072a87d,steady,False,1,0,567.1637420018669,567.1637420018669,1860.30859375,72,003c335d601e1e36989555dfbebff3640bbc78c1bd45151fc07be278fcaef1c9
13,M12,optimized_final,steady,False,1,0,621.6291450000426,621.6291450000426,1867.29296875,66,eb338b43b38e5c71984307791d5b57bc20c29eca93f69bc6d1bcdc4490d5f9e3
13,M12,optimized_final,steady,False,1,1,668.889232998481,668.889232998481,1868.23046875,66,dcf8effe741034a7c7460e58d12ad589f022da6558a0bdfa7a72968c97c7da51
13,M12,legacy_fixed_072a87d,steady,False,1,1,570.3497169997718,570.3497169997718,1868.484375,72,003c335d601e1e36989555dfbebff3640bbc78c1bd45151fc07be278fcaef1c9
13,M12,legacy_fixed_072a87d,steady,False,1,2,731.5675680001732,731.5675680001732,1868.484375,72,003c335d601e1e36989555dfbebff3640bbc78c1bd45151fc07be278fcaef1c9
13,M12,optimized_final,steady,False,1,2,867.5743679996231,867.5743679996231,1868.53125,66,86d101a51509197aa4aee58d65e077ac3a0f88b526f3fb85b3fa0b9aff320d85
13,M12,optimized_final,steady,False,10,0,6515.266600999894,651.5266600999894,1868.55078125,660,9889bbc259d0eff2207da59de63e9e5080cfcb454012bd1c4604bfec75ed2eec
13,M12,legacy_fixed_072a87d,steady,False,10,0,955.5440080002882,95.55440080002882,1868.88671875,72,ff154b78a8dc4c1cf7f56781114fba7c5f5c9524925ec6b0f9030d51a2852898
13,M12,legacy_fixed_072a87d,warm_format_switch,True,1,0,641.0016250010813,641.0016250010813,1868.88671875,72,d0a571570d8274ecb678f0d39371f324d41d736f8665f5ec285e6a3150cd80a1
13,M12,optimized_final,warm_format_switch,True,1,0,684.7446190004121,684.7446190004121,1868.88671875,66,d0a571570d8274ecb678f0d39371f324d41d736f8665f5ec285e6a3150cd80a1
13,M12,legacy_fixed_072a87d,steady,True,1,0,589.920695998444,589.920695998444,1868.88671875,72,003c335d601e1e36989555dfbebff3640bbc78c1bd45151fc07be278fcaef1c9
13,M12,optimized_final,steady,True,1,0,687.1134909997636,687.1134909997636,1868.88671875,66,eb338b43b38e5c71984307791d5b57bc20c29eca93f69bc6d1bcdc4490d5f9e3
13,M12,optimized_final,steady,True,1,1,606.3393839976925,606.3393839976925,1868.88671875,66,dcf8effe741034a7c7460e58d12ad589f022da6558a0bdfa7a72968c97c7da51
13,M12,legacy_fixed_072a87d,steady,True,1,1,553.6838039988652,553.6838039988652,1868.88671875,72,003c335d601e1e36989555dfbebff3640bbc78c1bd45151fc07be278fcaef1c9
13,M12,legacy_fixed_072a87d,steady,True,1,2,601.9147030019667,601.9147030019667,1868.88671875,72,003c335d601e1e36989555dfbebff3640bbc78c1bd45151fc07be278fcaef1c9
13,M12,optimized_final,steady,True,1,2,591.6934319975553,591.6934319975553,1868.88671875,66,86d101a51509197aa4aee58d65e077ac3a0f88b526f3fb85b3fa0b9aff320d85
13,M12,optimized_final,steady,True,10,0,6335.730217000673,633.5730217000673,1879.875,660,9889bbc259d0eff2207da59de63e9e5080cfcb454012bd1c4604bfec75ed2eec
13,M12,legacy_fixed_072a87d,steady,True,10,0,890.2827179990709,89.02827179990709,1884.203125,72,ff154b78a8dc4c1cf7f56781114fba7c5f5c9524925ec6b0f9030d51a2852898
17,M1,legacy_fixed_072a87d,first_decode,False,1,0,202.72685999952955,202.72685999952955,1295.78515625,6,3972684042a611cb7e07e8afb70ead6f3f1bab73b3220232aa49c8e39c4150b5
17,M1,optimized_final,first_decode,False,1,0,122.92243299816619,122.92243299816619,1295.78515625,6,3972684042a611cb7e07e8afb70ead6f3f1bab73b3220232aa49c8e39c4150b5
17,M1,legacy_fixed_072a87d,steady,False,1,0,103.35866900277324,103.35866900277324,1295.78515625,6,dfc500e3d9303f4b7c4b130516f7a3e8b46c5f134055113e74705098393134ee
17,M1,optimized_final,steady,False,1,0,1.7400389988324605,1.7400389988324605,1295.78515625,0,dfc500e3d9303f4b7c4b130516f7a3e8b46c5f134055113e74705098393134ee
17,M1,optimized_final,steady,False,1,1,1.5582600026391447,1.5582600026391447,1295.78515625,0,dfc500e3d9303f4b7c4b130516f7a3e8b46c5f134055113e74705098393134ee
17,M1,legacy_fixed_072a87d,steady,False,1,1,99.26172500126995,99.26172500126995,1295.78515625,6,dfc500e3d9303f4b7c4b130516f7a3e8b46c5f134055113e74705098393134ee
17,M1,legacy_fixed_072a87d,steady,False,1,2,100.614893999591,100.614893999591,1295.78515625,6,dfc500e3d9303f4b7c4b130516f7a3e8b46c5f134055113e74705098393134ee
17,M1,optimized_final,steady,False,1,2,1.9058670004596934,1.9058670004596934,1295.78515625,0,dfc500e3d9303f4b7c4b130516f7a3e8b46c5f134055113e74705098393134ee
17,M1,optimized_final,steady,False,10,0,12.786562998371664,1.2786562998371664,1296.1640625,0,2ab4f14b990e09fbaa2ee840dcc2eb1e17fb9f61afd72dfeea21ea09d54c07b7
17,M1,legacy_fixed_072a87d,steady,False,10,0,111.74947199833696,11.174947199833696,1296.1640625,6,2ab4f14b990e09fbaa2ee840dcc2eb1e17fb9f61afd72dfeea21ea09d54c07b7
17,M1,legacy_fixed_072a87d,steady,False,100,0,239.58582100021886,2.3958582100021886,1298.90625,6,763c6b3fa95190e87cdc286f0da444b8581c11c46e1546e03657174182114d08
17,M1,optimized_final,steady,False,100,0,111.93383499994525,1.1193383499994525,1298.90625,0,763c6b3fa95190e87cdc286f0da444b8581c11c46e1546e03657174182114d08
17,M1,legacy_fixed_072a87d,warm_format_switch,True,1,0,116.78183500043815,116.78183500043815,1298.90625,6,3972684042a611cb7e07e8afb70ead6f3f1bab73b3220232aa49c8e39c4150b5
17,M1,optimized_final,warm_format_switch,True,1,0,2.3461050004698336,2.3461050004698336,1298.90625,0,3972684042a611cb7e07e8afb70ead6f3f1bab73b3220232aa49c8e39c4150b5
17,M1,legacy_fixed_072a87d,steady,True,1,0,99.83052900133771,99.83052900133771,1298.90625,6,dfc500e3d9303f4b7c4b130516f7a3e8b46c5f134055113e74705098393134ee
17,M1,optimized_final,steady,True,1,0,2.0951789992977865,2.0951789992977865,1298.90625,0,dfc500e3d9303f4b7c4b130516f7a3e8b46c5f134055113e74705098393134ee
17,M1,optimized_final,steady,True,1,1,1.890480998554267,1.890480998554267,1298.90625,0,dfc500e3d9303f4b7c4b130516f7a3e8b46c5f134055113e74705098393134ee
17,M1,legacy_fixed_072a87d,steady,True,1,1,99.78292800224153,99.78292800224153,1298.90625,6,dfc500e3d9303f4b7c4b130516f7a3e8b46c5f134055113e74705098393134ee
17,M1,legacy_fixed_072a87d,steady,True,1,2,97.4774870010151,97.4774870010151,1298.90625,6,dfc500e3d9303f4b7c4b130516f7a3e8b46c5f134055113e74705098393134ee
17,M1,optimized_final,steady,True,1,2,1.8560980024631135,1.8560980024631135,1298.90625,0,dfc500e3d9303f4b7c4b130516f7a3e8b46c5f134055113e74705098393134ee
17,M1,optimized_final,steady,True,10,0,11.53104300101404,1.153104300101404,1298.90625,0,2ab4f14b990e09fbaa2ee840dcc2eb1e17fb9f61afd72dfeea21ea09d54c07b7
17,M1,legacy_fixed_072a87d,steady,True,10,0,108.80887099847314,10.880887099847314,1298.90625,6,2ab4f14b990e09fbaa2ee840dcc2eb1e17fb9f61afd72dfeea21ea09d54c07b7
17,M1,legacy_fixed_072a87d,steady,True,100,0,272.8146339977684,2.728146339977684,1298.90625,6,763c6b3fa95190e87cdc286f0da444b8581c11c46e1546e03657174182114d08
17,M1,optimized_final,steady,True,100,0,152.66943800088484,1.5266943800088484,1298.90625,0,763c6b3fa95190e87cdc286f0da444b8581c11c46e1546e03657174182114d08
17,M12,legacy_fixed_072a87d,first_decode,False,1,0,69728.13206399951,69728.13206399951,3301.39453125,72,ab35ec7b8ba47b9a7cfdde4b064b8f1d6fb045dfd53524c95e6d499c70ae9f38
17,M12,optimized_final,first_decode,False,1,0,2676.3717449975957,2676.3717449975957,4114.23828125,72,ab35ec7b8ba47b9a7cfdde4b064b8f1d6fb045dfd53524c95e6d499c70ae9f38
17,M12,legacy_fixed_072a87d,steady,False,1,0,1768.7841530023434,1768.7841530023434,4114.23828125,72,97f209a56f78190c585baa3466e6d8f893f0fc0abbc096cb22ac034305ebcfa6
17,M12,optimized_final,steady,False,1,0,1482.1709470015776,1482.1709470015776,4130.05078125,66,692482ba9037a1c36f54e23159fba13c8eb458b6303f85925e3a444106dfcea2
17,M12,legacy_fixed_072a87d,warm_format_switch,True,1,0,1571.2922450002225,1571.2922450002225,4130.62890625,72,ab35ec7b8ba47b9a7cfdde4b064b8f1d6fb045dfd53524c95e6d499c70ae9f38
17,M12,optimized_final,warm_format_switch,True,1,0,1603.9101079986722,1603.9101079986722,4132.2421875,66,ab35ec7b8ba47b9a7cfdde4b064b8f1d6fb045dfd53524c95e6d499c70ae9f38
17,M12,legacy_fixed_072a87d,steady,True,1,0,1621.3766559994838,1621.3766559994838,4132.24609375,72,97f209a56f78190c585baa3466e6d8f893f0fc0abbc096cb22ac034305ebcfa6
17,M12,optimized_final,steady,True,1,0,1587.758028999815,1587.758028999815,4133.29296875,66,692482ba9037a1c36f54e23159fba13c8eb458b6303f85925e3a444106dfcea2
