distance,mode,variant,phase,batch_size,repeat,shots,total_ms,ms_per_shot,rss_before_mb,rss_after_mb,graph_count,graph_ms,matching_ms,sampling_decomposition_ms,candidate_evaluation_ms,candidate_digest
9,ordinary,uncached_per_shot,first_decode,1,0,1,46.76010300136113,46.76010300136113,277.57421875,279.43359375,6,11.16738400196482,17.714515997795388,0.0,1.7090360015572514,c6c300d136fb51f4f1a3c3005fe8542c7a2adaa8a277dd324bea01091f2175ba
9,ordinary,optimized,first_decode,1,0,1,44.193924999490264,44.193924999490264,279.4375,286.1953125,6,13.108590997944702,23.654080001506372,0.0,0.5555839998123702,c6c300d136fb51f4f1a3c3005fe8542c7a2adaa8a277dd324bea01091f2175ba
9,ordinary,uncached_per_shot,steady,1,0,1,41.94120799911616,41.94120799911616,286.19921875,288.453125,6,10.92745000096329,18.52256499842042,0.0,0.4311799984861864,da9ae26b4296b24a1d90a17dc33640a944f466ae03795bd73775b0410ae6f2b4
9,ordinary,optimized,steady,1,0,1,2.4279609988298034,2.4279609988298034,288.453125,288.453125,0,0.0,0.23778899776516482,0.0,0.30881900056556333,da9ae26b4296b24a1d90a17dc33640a944f466ae03795bd73775b0410ae6f2b4
9,ordinary,optimized,steady,1,1,1,1.775768998413696,1.775768998413696,288.45703125,288.45703125,0,0.0,0.19326100118632894,0.0,0.25518799884594046,da9ae26b4296b24a1d90a17dc33640a944f466ae03795bd73775b0410ae6f2b4
9,ordinary,uncached_per_shot,steady,1,1,1,36.0319770006754,36.0319770006754,288.45703125,288.45703125,6,9.160650000922033,13.633291999212815,0.0,0.42563799979689065,da9ae26b4296b24a1d90a17dc33640a944f466ae03795bd73775b0410ae6f2b4
9,ordinary,uncached_per_shot,steady,1,2,1,42.857900998569676,42.857900998569676,288.45703125,288.6484375,6,11.025292003978393,18.094482002197765,0.0,0.5494550005096244,da9ae26b4296b24a1d90a17dc33640a944f466ae03795bd73775b0410ae6f2b4
9,ordinary,optimized,steady,1,2,1,1.9563429996196646,1.9563429996196646,288.6484375,288.6484375,0,0.0,0.18614400141814258,0.0,0.24490900068485644,da9ae26b4296b24a1d90a17dc33640a944f466ae03795bd73775b0410ae6f2b4
9,ordinary,optimized,steady,10,0,10,7.18297999992501,0.718297999992501,288.6484375,288.8359375,0,0.0,2.0970369969290914,0.0,1.3672780005435925,a2085dee69bf35eb3c078a827ae2f5a12502bf17734977af8bc786eddcf21dcc
9,ordinary,uncached_per_shot,steady,10,0,10,49.289014999885694,4.928901499988569,288.8359375,289.16015625,6,11.33138300065184,20.422516998223728,0.0,1.9078890018136008,a2085dee69bf35eb3c078a827ae2f5a12502bf17734977af8bc786eddcf21dcc
9,ordinary,uncached_per_shot,steady,100,0,100,127.57409100049699,1.27574091000497,289.16015625,293.53125,6,16.13784800065332,42.140955998547724,0.0,30.016541997611057,8e755609c5d1aedda73db91c5b6fdad8dfc3f6f396441b966bc747a51c12bf78
9,ordinary,optimized,steady,100,0,100,51.64903900003992,0.5164903900003992,293.53125,293.53125,0,0.0,25.891799999953946,0.0,12.323009003011975,8e755609c5d1aedda73db91c5b6fdad8dfc3f6f396441b966bc747a51c12bf78
9,M1,uncached_per_shot,first_decode,1,0,1,49.84465499910584,49.84465499910584,293.78515625,293.98046875,6,9.631842001908808,14.747309998710989,0.010400999599369243,0.8222459964599693,c6c300d136fb51f4f1a3c3005fe8542c7a2adaa8a277dd324bea01091f2175ba
9,M1,optimized,first_decode,1,0,1,52.503192999211024,52.503192999211024,293.98046875,294.69140625,6,10.434668996822438,17.972201996599324,0.013045999367022887,0.8499630002916092,c6c300d136fb51f4f1a3c3005fe8542c7a2adaa8a277dd324bea01091f2175ba
9,M1,uncached_per_shot,steady,1,0,1,38.87432000010449,38.87432000010449,294.69140625,294.75390625,6,9.615841001505032,15.889886000877596,0.010196999937761575,0.4857280000578612,da9ae26b4296b24a1d90a17dc33640a944f466ae03795bd73775b0410ae6f2b4
9,M1,optimized,steady,1,0,1,2.2033259992895182,2.2033259992895182,294.75390625,294.75390625,0,0.0,0.24950500119302887,0.011910000466741621,0.3070329985348508,da9ae26b4296b24a1d90a17dc33640a944f466ae03795bd73775b0410ae6f2b4
9,M1,optimized,steady,1,1,1,3.248841998356511,3.248841998356511,294.75390625,294.75390625,0,0.0,0.4355869969003834,0.004113000613870099,0.40114400144375395,da9ae26b4296b24a1d90a17dc33640a944f466ae03795bd73775b0410ae6f2b4
9,M1,uncached_per_shot,steady,1,1,1,40.22312400047667,40.22312400047667,294.75390625,294.75390625,6,8.741376999751083,16.363679000278353,0.005895000867894851,0.7905300008133054,da9ae26b4296b24a1d90a17dc33640a944f466ae03795bd73775b0410ae6f2b4
9,M1,uncached_per_shot,steady,1,2,1,40.387399998508045,40.387399998508045,294.75390625,294.75390625,6,9.844120999332517,15.87878100144735,0.005945001248619519,0.5631499989249278,da9ae26b4296b24a1d90a17dc33640a944f466ae03795bd73775b0410ae6f2b4
9,M1,optimized,steady,1,2,1,1.9086570009676507,1.9086570009676507,294.75390625,294.75390625,0,0.0,0.18181000086769927,0.005826999768032692,0.20831099936913233,da9ae26b4296b24a1d90a17dc33640a944f466ae03795bd73775b0410ae6f2b4
9,M1,optimized,steady,10,0,10,15.846043999772519,1.5846043999772519,294.75390625,294.75390625,0,0.0,3.866732002279605,0.044333000914775766,1.9925140022678534,81ea6639d41b36e85f00dfb6f85a963e37f092f99cdde48417d0dfd5ab07aeeb
9,M1,uncached_per_shot,steady,10,0,10,360.9329999999318,36.09329999999318,294.75390625,294.75390625,60,92.0186720086349,150.73123499314534,0.06264300463953987,5.135186000188696,81ea6639d41b36e85f00dfb6f85a963e37f092f99cdde48417d0dfd5ab07aeeb
9,M1,uncached_per_shot,steady,100,0,100,3427.4894509999285,34.274894509999285,294.75390625,295.45703125,600,879.0957319706649,1455.9526149896556,0.5744700065406505,51.13651100509742,4bf35cb6cd15d57ccdd2413d069ca36e6db68473fa1a114a1729d501089bbb30
9,M1,optimized,steady,100,0,100,132.30440799998178,1.3230440799998178,295.45703125,295.45703125,0,0.0,27.169521994437673,0.4695690058724722,17.550198004755657,4bf35cb6cd15d57ccdd2413d069ca36e6db68473fa1a114a1729d501089bbb30
9,M12,uncached_per_shot,first_decode,1,0,1,18649.095311000565,18649.095311000565,295.453125,614.015625,72,130.38447899270977,207.28649201373628,18089.904087999457,64.23279799855663,2b78ef6e8132ea9ffff7e62a3e41d2e0fbcfb83c048252c309af6a239951b139
9,M12,optimized,first_decode,1,0,1,954.722603000846,954.722603000846,614.015625,722.078125,72,210.31960300388164,337.1416490081174,84.14530099980766,18.781806998958928,2b78ef6e8132ea9ffff7e62a3e41d2e0fbcfb83c048252c309af6a239951b139
9,M12,uncached_per_shot,steady,1,0,1,18435.962524001297,18435.962524001297,722.0859375,730.0546875,72,119.7409069936839,190.21535898718867,17930.048497000826,58.625196001230506,ac6eba799d9e2f116eb835bf42da4105c1bf2b40935bbdb9e64fc0c348784555
9,M12,optimized,steady,1,0,1,483.3078999999998,483.3078999999998,730.0546875,732.359375,66,106.48755600595905,176.5330000052927,116.30229500042333,14.708745995449135,ac6eba799d9e2f116eb835bf42da4105c1bf2b40935bbdb9e64fc0c348784555
9,M12,optimized,steady,1,1,1,495.6910210003116,495.6910210003116,732.359375,732.4375,66,104.94761700101662,180.29094398480083,123.15105200104881,15.559970988761052,92637a85a09226aa674a9589055f375d0e36e7b3b2bffbbcb027090fc79b0fc6
9,M12,uncached_per_shot,steady,1,1,1,17876.75388000025,17876.75388000025,732.4375,733.30078125,72,123.28035000064119,189.64750800114416,17361.214939001,60.131446005470934,92637a85a09226aa674a9589055f375d0e36e7b3b2bffbbcb027090fc79b0fc6
9,M12,uncached_per_shot,steady,1,2,1,17407.708422000724,17407.708422000724,733.30078125,733.52734375,72,124.27230300454539,198.7158360061585,16882.740009999907,60.42508599421126,fd48892ff123d2782cbbaf57cf0aab6e7b95e74cbe538be1c8a44be2269d1f92
9,M12,optimized,steady,1,2,1,498.817253001107,498.817253001107,733.52734375,733.53125,66,105.40823399242072,178.70940201100893,126.57486799980688,15.791724008522579,fd48892ff123d2782cbbaf57cf0aab6e7b95e74cbe538be1c8a44be2269d1f92
9,M12,optimized,steady,10,0,10,5075.756182000987,507.5756182000987,733.53125,736.703125,660,1088.8512059827917,1870.6363549754315,707.3734929999773,157.50849702271807,4ff26cec99c43d537d878691edea745a765cc1fc9036d6206daff7536a06e4b5
9,M12,uncached_per_shot,steady,10,0,10,188614.6350509989,18861.46350509989,736.703125,1072.94140625,720,1684.6410400248715,3363.529988033406,175573.21765399864,1505.270761981592,4ff26cec99c43d537d878691edea745a765cc1fc9036d6206daff7536a06e4b5
13,ordinary,uncached_per_shot,first_decode,1,0,1,134.66699399941717,134.66699399941717,698.6875,699.0390625,6,30.240086005505873,54.87265999909141,0.0,4.680607997215702,80dada1bc4a79a913c3493c9690ad4f1ae8a157a5facb5c2e4f231a50ee09ce3
13,ordinary,optimized,first_decode,1,0,1,86.25336099976266,86.25336099976266,699.0390625,699.21875,6,23.4881040014443,49.12761499872431,0.0,0.7096459976310143,80dada1bc4a79a913c3493c9690ad4f1ae8a157a5facb5c2e4f231a50ee09ce3
13,ordinary,uncached_per_shot,steady,1,0,1,107.6208639988181,107.6208639988181,699.21875,699.578125,6,23.233033001815784,49.73105899807706,0.0,1.0488899988558842,5ec25bdc7111556cf5b5593449a8f3918be3c123587e697717c1459d19457e73
13,ordinary,optimized,steady,1,0,1,5.929355000262149,5.929355000262149,699.578125,699.578125,0,0.0,1.2003930005448638,0.0,0.6149609998828964,5ec25bdc7111556cf5b5593449a8f3918be3c123587e697717c1459d19457e73
13,ordinary,optimized,steady,1,1,1,3.002358998855925,3.002358998855925,699.578125,699.578125,0,0.0,0.8734280017961282,0.0,0.514659999680589,5ec25bdc7111556cf5b5593449a8f3918be3c123587e697717c1459d19457e73
13,ordinary,uncached_per_shot,steady,1,1,1,109.69733399906545,109.69733399906545,699.578125,699.578125,6,24.236429995653452,50.53005000263511,0.0,1.1712840005202452,5ec25bdc7111556cf5b5593449a8f3918be3c123587e697717c1459d19457e73
13,ordinary,uncached_per_shot,steady,1,2,1,102.78490400014562,102.78490400014562,699.578125,699.578125,6,22.134613998787245,49.20363199926214,0.0,1.0783119978441391,5ec25bdc7111556cf5b5593449a8f3918be3c123587e697717c1459d19457e73
13,ordinary,optimized,steady,1,2,1,3.9427160008926876,3.9427160008926876,699.578125,699.578125,0,0.0,0.8955220037023537,0.0,0.991000997601077,5ec25bdc7111556cf5b5593449a8f3918be3c123587e697717c1459d19457e73
13,ordinary,optimized,steady,10,0,10,15.01079099944036,1.501079099944036,699.578125,699.78515625,0,0.0,5.265015997792943,0.0,3.6703170007967856,141ddd39eb11b6cc559f4054989485b63bd78bf3c437b5068da775a9733fd516
13,ordinary,uncached_per_shot,steady,10,0,10,127.28380499902414,12.728380499902414,699.78515625,699.78515625,6,26.748355998279294,60.707704000378726,0.0,3.226319000532385,141ddd39eb11b6cc559f4054989485b63bd78bf3c437b5068da775a9733fd516
13,ordinary,uncached_per_shot,steady,100,0,100,261.22628200027975,2.6122628200027975,699.78515625,700.98046875,6,28.72919600122259,106.69765500097128,0.0,56.02040300072986,44fffa9dcf393b75612e6fccec35b39dc7075ff1c670da0049bfbce2dd8bf34b
13,ordinary,optimized,steady,100,0,100,104.77557000012894,1.0477557000012894,700.98046875,700.98046875,0,0.0,46.28782899817452,0.0,30.082364999543643,44fffa9dcf393b75612e6fccec35b39dc7075ff1c670da0049bfbce2dd8bf34b
13,M1,uncached_per_shot,first_decode,1,0,1,166.36387099970307,166.36387099970307,700.62109375,700.97265625,6,29.767177999019623,54.01471999903151,0.006872000085422769,4.202008998618112,80dada1bc4a79a913c3493c9690ad4f1ae8a157a5facb5c2e4f231a50ee09ce3
13,M1,optimized,first_decode,1,0,1,114.72918500112428,114.72918500112428,700.97265625,700.97265625,6,21.17896900381311,48.91796699666884,0.007104999895091169,0.6158800006232923,80dada1bc4a79a913c3493c9690ad4f1ae8a157a5facb5c2e4f231a50ee09ce3
13,M1,uncached_per_shot,steady,1,0,1,116.68780999934825,116.68780999934825,700.97265625,700.98828125,6,25.82663599787338,51.43595299887238,0.0072669990913709626,1.0389590006525395,5ec25bdc7111556cf5b5593449a8f3918be3c123587e697717c1459d19457e73
13,M1,optimized,steady,1,0,1,6.405180000001565,6.405180000001565,700.98828125,700.98828125,0,0.0,1.0236719990643905,0.010431000191601925,0.6495870002254378,5ec25bdc7111556cf5b5593449a8f3918be3c123587e697717c1459d19457e73
13,M1,optimized,steady,1,1,1,4.175286001554923,4.175286001554923,700.98828125,700.98828125,0,0.0,0.9886300031212159,0.006570000550709665,0.6616940008825622,5ec25bdc7111556cf5b5593449a8f3918be3c123587e697717c1459d19457e73
13,M1,uncached_per_shot,steady,1,1,1,109.53648099894053,109.53648099894053,700.98828125,700.98828125,6,22.519604000990512,48.07111399532005,0.00931899921852164,1.4094250018388266,5ec25bdc7111556cf5b5593449a8f3918be3c123587e697717c1459d19457e73
13,M1,uncached_per_shot,steady,1,2,1,114.12737199862022,114.12737199862022,700.98828125,700.98828125,6,23.996338997676503,52.60396800258604,0.008011998943402432,1.0332660003768979,5ec25bdc7111556cf5b5593449a8f3918be3c123587e697717c1459d19457e73
13,M1,optimized,steady,1,2,1,3.7262890000420157,3.7262890000420157,700.98828125,700.98828125,0,0.0,0.8566059968870832,0.007351998647209257,0.7789990013407078,5ec25bdc7111556cf5b5593449a8f3918be3c123587e697717c1459d19457e73
13,M1,optimized,steady,10,0,10,29.0909979994467,2.90909979994467,700.98828125,700.98828125,0,0.0,7.899100997747155,0.06246900011319667,5.217756994170486,58cbed9444443f86f355ee7b365bdf1d6f4b56eae4275c903befc0fe4db61e66
13,M1,uncached_per_shot,steady,10,0,10,1020.8010970000032,102.08010970000032,700.98828125,701.00390625,60,225.20874299698335,480.5357339937473,0.0739459919714136,10.998278004990425,58cbed9444443f86f355ee7b365bdf1d6f4b56eae4275c903befc0fe4db61e66
13,M1,uncached_per_shot,steady,100,0,100,10045.345065998845,100.45345065998845,701.00390625,701.00390625,600,2233.395578994532,4717.479048011228,0.8038449977902928,110.91014598787297,828bab10a0acdb9e6753f4e7019b88dfdadedca8fceeff039a97499291f6589a
13,M1,optimized,steady,100,0,100,248.73597199984943,2.4873597199984943,701.00390625,701.00390625,0,0.0,68.21635701453488,0.5446949962788494,44.34292600126355,828bab10a0acdb9e6753f4e7019b88dfdadedca8fceeff039a97499291f6589a
13,M12,uncached_per_shot,first_decode,1,0,1,61369.18640300064,61369.18640300064,700.64453125,1491.734375,72,411.25829000338854,758.5728189969814,59425.538516001325,201.2593530016602,d0a571570d8274ecb678f0d39371f324d41d736f8665f5ec285e6a3150cd80a1
13,M12,optimized,first_decode,1,0,1,2678.2031799994,2678.2031799994,1491.734375,1841.171875,72,593.3867560052022,1007.452273994204,192.71220000155154,21.036954000010155,d0a571570d8274ecb678f0d39371f324d41d736f8665f5ec285e6a3150cd80a1
13,M12,uncached_per_shot,steady,1,0,1,61072.793712999555,61072.793712999555,1841.171875,1849.4921875,72,366.8818310015922,681.2991109982249,59351.12109200054,186.7529130049661,eb338b43b38e5c71984307791d5b57bc20c29eca93f69bc6d1bcdc4490d5f9e3
13,M12,optimized,steady,1,0,1,1560.8990529999573,1560.8990529999573,1849.4921875,1857.2265625,66,325.51621200036607,667.6870549890737,327.5851819998934,22.039509987735073,eb338b43b38e5c71984307791d5b57bc20c29eca93f69bc6d1bcdc4490d5f9e3
13,M12,optimized,steady,1,1,1,1488.981911999872,1488.981911999872,1857.2265625,1857.71484375,66,293.1922350089735,609.5942319934693,365.001136000501,18.478714004231733,dcf8effe741034a7c7460e58d12ad589f022da6558a0bdfa7a72968c97c7da51
13,M12,uncached_per_shot,steady,1,1,1,57953.44199499959,57953.44199499959,1857.71484375,1858.0703125,72,277.081887001259,500.5679870082531,56661.505747000774,128.71467799777747,dcf8effe741034a7c7460e58d12ad589f022da6558a0bdfa7a72968c97c7da51
13,M12,uncached_per_shot,steady,1,2,1,32689.96590000097,32689.96590000097,1858.0703125,1858.14453125,72,169.28437300521182,330.2810469940596,31845.72121599922,101.09465300047304,86d101a51509197aa4aee58d65e077ac3a0f88b526f3fb85b3fa0b9aff320d85
13,M12,optimized,steady,1,2,1,652.3871810004493,652.3871810004493,1858.14453125,1858.15625,66,119.404876990302,254.44680900000094,174.3248759994458,9.18265299696941,86d101a51509197aa4aee58d65e077ac3a0f88b526f3fb85b3fa0b9aff320d85
13,M12,optimized,steady,10,0,10,5398.602137000125,539.8602137000125,1858.15625,1867.4609375,660,1002.0688780132332,2159.7458759752044,587.9794579977897,85.69270801672246,9889bbc259d0eff2207da59de63e9e5080cfcb454012bd1c4604bfec75ed2eec
13,M12,uncached_per_shot,steady,10,0,10,348013.2630629996,34801.32630629996,1867.4609375,2798.64453125,720,4412.707893003244,11138.433185014947,303974.27705300105,5790.997732992764,9889bbc259d0eff2207da59de63e9e5080cfcb454012bd1c4604bfec75ed2eec
17,ordinary,uncached_per_shot,first_decode,1,0,1,159.81396400093217,159.81396400093217,1557.98046875,1558.78125,6,31.650220002120477,63.05652899936831,0.0,8.373839998967014,3972684042a611cb7e07e8afb70ead6f3f1bab73b3220232aa49c8e39c4150b5
17,ordinary,optimized,first_decode,1,0,1,86.50276099979237,86.50276099979237,1558.78125,1558.80078125,6,23.06671299811569,52.622816003349726,0.0,0.5884720012545586,3972684042a611cb7e07e8afb70ead6f3f1bab73b3220232aa49c8e39c4150b5
17,ordinary,uncached_per_shot,steady,1,0,1,107.30082699956256,107.30082699956256,1558.80078125,1558.80078125,6,21.601460000965744,51.19095300142362,0.0,1.0345129976485623,dfc500e3d9303f4b7c4b130516f7a3e8b46c5f134055113e74705098393134ee
17,ordinary,optimized,steady,1,0,1,1.8438530005369103,1.8438530005369103,1558.80078125,1558.80078125,0,0.0,0.5767569964518771,0.0,0.38546800169569906,dfc500e3d9303f4b7c4b130516f7a3e8b46c5f134055113e74705098393134ee
17,ordinary,optimized,steady,1,1,1,1.6666119990986772,1.6666119990986772,1558.80078125,1558.80078125,0,0.0,0.5831569978909101,0.0,0.32698399991204496,dfc500e3d9303f4b7c4b130516f7a3e8b46c5f134055113e74705098393134ee
17,ordinary,uncached_per_shot,steady,1,1,1,91.60418800092884,91.60418800092884,1558.80078125,1558.80078125,6,19.14124500035541,43.41373600072984,0.0,0.8967850008048117,dfc500e3d9303f4b7c4b130516f7a3e8b46c5f134055113e74705098393134ee
17,ordinary,uncached_per_shot,steady,1,2,1,97.38058499897306,97.38058499897306,1558.80078125,1558.80078125,6,19.67139699991094,45.673238002564176,0.0,1.0823950015037553,dfc500e3d9303f4b7c4b130516f7a3e8b46c5f134055113e74705098393134ee
17,ordinary,optimized,steady,1,2,1,1.9022559990844456,1.9022559990844456,1558.80078125,1558.80078125,0,0.0,0.5958130004728446,0.0,0.3645049982878845,dfc500e3d9303f4b7c4b130516f7a3e8b46c5f134055113e74705098393134ee
17,ordinary,optimized,steady,10,0,10,12.834017999921343,1.2834017999921343,1558.80078125,1559.1796875,0,0.0,6.0390550024749245,0.0,2.7804089986602776,2ab4f14b990e09fbaa2ee840dcc2eb1e17fb9f61afd72dfeea21ea09d54c07b7
17,ordinary,uncached_per_shot,steady,10,0,10,106.3972410011047,10.63972410011047,1559.1796875,1559.1796875,6,20.251879999705125,50.266959999135,0.0,3.2451289989694487,2ab4f14b990e09fbaa2ee840dcc2eb1e17fb9f61afd72dfeea21ea09d54c07b7
17,ordinary,uncached_per_shot,steady,100,0,100,239.5744300010847,2.395744300010847,1559.1796875,1561.3046875,6,27.99910700196051,94.1209920001711,0.0,58.24710600063554,763c6b3fa95190e87cdc286f0da444b8581c11c46e1546e03657174182114d08
17,ordinary,optimized,steady,100,0,100,109.3091769998864,1.093091769998864,1561.3046875,1561.3046875,0,0.0,48.101498003234155,0.0,34.64313900076377,763c6b3fa95190e87cdc286f0da444b8581c11c46e1546e03657174182114d08
17,M1,uncached_per_shot,first_decode,1,0,1,162.53547899941623,162.53547899941623,1560.46875,1561.2890625,6,23.861217001467594,54.775450998931774,0.0042479987314436585,4.995684999812511,3972684042a611cb7e07e8afb70ead6f3f1bab73b3220232aa49c8e39c4150b5
17,M1,optimized,first_decode,1,0,1,153.44738199928543,153.44738199928543,1561.2890625,1561.2890625,6,25.632372997279163,82.47972400386061,0.004232000719639473,0.7073990000208141,3972684042a611cb7e07e8afb70ead6f3f1bab73b3220232aa49c8e39c4150b5
17,M1,uncached_per_shot,steady,1,0,1,131.3985139986471,131.3985139986471,1561.2890625,1561.2890625,6,23.941679999552434,57.1201580005436,0.006117001248640008,1.1174100000062026,dfc500e3d9303f4b7c4b130516f7a3e8b46c5f134055113e74705098393134ee
17,M1,optimized,steady,1,0,1,5.515380998986075,5.515380998986075,1561.2890625,1561.2890625,0,0.0,1.267254996491829,0.0037419995351228863,1.6450090006401297,dfc500e3d9303f4b7c4b130516f7a3e8b46c5f134055113e74705098393134ee
17,M1,optimized,steady,1,1,1,5.870029001016519,5.870029001016519,1561.2890625,1561.2890625,0,0.0,1.6296350022457773,0.003395000021555461,1.457419000871596,dfc500e3d9303f4b7c4b130516f7a3e8b46c5f134055113e74705098393134ee
17,M1,uncached_per_shot,steady,1,1,1,122.08327900043514,122.08327900043514,1561.2890625,1561.2890625,6,21.720222001022194,52.50055599753978,0.007747999916318804,1.1100770007033134,dfc500e3d9303f4b7c4b130516f7a3e8b46c5f134055113e74705098393134ee
17,M1,uncached_per_shot,steady,1,2,1,105.22740500164218,105.22740500164218,1561.2890625,1561.2890625,6,19.98440299757931,48.97316900132864,0.005146999683347531,0.8797080008662306,dfc500e3d9303f4b7c4b130516f7a3e8b46c5f134055113e74705098393134ee
17,M1,optimized,steady,1,2,1,1.9147159982821904,1.9147159982821904,1561.2890625,1561.2890625,0,0.0,0.5801180013804697,0.002495999069651589,0.43152199941687286,dfc500e3d9303f4b7c4b130516f7a3e8b46c5f134055113e74705098393134ee
17,M1,optimized,steady,10,0,10,17.791521999242832,1.7791521999242832,1561.2890625,1561.2890625,0,0.0,7.022340998446452,0.023983999199117534,3.4814860027836403,ba56a835fd035410e3ac78b2c549baed0fb51ce503dcf2eae0e99768f7a7faf9
17,M1,uncached_per_shot,steady,10,0,10,979.2766509999637,97.92766509999637,1561.2890625,1561.2890625,60,199.39828399765247,468.63774500525324,0.04551399979391135,9.725055995659204,ba56a835fd035410e3ac78b2c549baed0fb51ce503dcf2eae0e99768f7a7faf9
17,M1,uncached_per_shot,steady,100,0,100,10132.742596999378,101.32742596999378,1561.2890625,1561.2890625,600,2063.002625003719,4903.61135902458,0.48903999413596466,101.22252799556009,9cbdf1fcc8f67cdca98b6daa2e4e8d4a46a89356c7e71cf29ad46460724c0ddb
17,M1,optimized,steady,100,0,100,164.68735100170306,1.6468735100170306,1561.2890625,1561.2890625,0,0.0,61.1382839797443,0.22624401026405394,33.32643501198618,9cbdf1fcc8f67cdca98b6daa2e4e8d4a46a89356c7e71cf29ad46460724c0ddb
17,M12,uncached_per_shot,first_decode,1,0,1,72488.98969900074,72488.98969900074,1560.47265625,3361.16796875,72,430.1905410011386,828.7771889918076,70340.89601199958,224.5301670009212,ab35ec7b8ba47b9a7cfdde4b064b8f1d6fb045dfd53524c95e6d499c70ae9f38
17,M12,optimized,first_decode,1,0,1,3133.7894879998203,3133.7894879998203,3361.16796875,4086.2734375,72,760.773986003187,1341.6136429932521,150.76812700135633,14.573467007721774,ab35ec7b8ba47b9a7cfdde4b064b8f1d6fb045dfd53524c95e6d499c70ae9f38
17,M12,uncached_per_shot,steady,1,0,1,78420.4164189996,78420.4164189996,4086.2734375,4104.49609375,72,427.88105699764856,834.6259449990612,76269.29975199891,242.32263299745682,692482ba9037a1c36f54e23159fba13c8eb458b6303f85925e3a444106dfcea2
17,M12,optimized,steady,1,0,1,2098.9207919992623,2098.9207919992623,4104.49609375,4122.67578125,66,319.7814359955373,715.5999599945062,658.9723830002185,14.275053006713279,692482ba9037a1c36f54e23159fba13c8eb458b6303f85925e3a444106dfcea2
