distance,mode,phase,batch_size,repeat,total_ms,ms_per_shot,graph_count,graph_ms,sampling_ms,stage1_ms,stage2_ms
9,original_dem_both_stages,first_decode,1,0,239.22133099767962,239.22133099767962,72,76.10701402518316,33.21117900122772,53.936835000058636,143.0372960094246
9,original_dem_stage2_base,first_decode,1,0,95.14829500039923,95.14829500039923,39,25.114485990343383,28.59054099826608,50.227610001456924,12.256115998752648
9,original_dem_stage1_only_plan,first_decode,1,0,81.16442499886034,81.16442499886034,39,29.58150998892961,4.003661997558083,58.35722401388921,13.846802998159546
9,direct_stage1_stage2_base,first_decode,1,0,77.21348099948955,77.21348099948955,39,29.095469981257338,1.099398999940604,56.35697402249207,14.959974007069832
9,original_dem_both_stages,steady,1,0,204.0917439990153,204.0917439990153,66,44.85354101052508,52.996525999333244,40.217094003310194,103.34159899139195
9,original_dem_stage2_base,steady,1,0,70.51118100207532,70.51118100207532,33,12.408507980580907,25.552578998031095,41.1670499961474,1.466665999032557
9,original_dem_stage1_only_plan,steady,1,0,50.77159700158518,50.77159700158518,33,12.827562015445437,4.071439998369897,42.71756799789728,1.5777749831613619
9,direct_stage1_stage2_base,steady,1,0,49.34462600067491,49.34462600067491,33,13.347131007321877,0.8906069997465238,43.61450199212413,1.7578369988768827
9,direct_stage1_stage2_base,steady,1,1,48.62520599999698,48.62520599999698,33,12.135421009588754,1.0227359998680186,43.10011799680069,1.6375689920096193
9,original_dem_stage1_only_plan,steady,1,1,54.03352299981634,54.03352299981634,33,12.678778995905304,4.311330001655733,45.46527200363926,1.715203994535841
9,original_dem_stage2_base,steady,1,1,76.06630499867606,76.06630499867606,33,12.951782999152783,27.15284599980805,44.65817200252786,1.687213996774517
9,original_dem_both_stages,steady,1,1,209.33017900097184,209.33017900097184,66,44.702506995236035,53.50575799820945,41.18345298775239,106.5049520075263
9,original_dem_both_stages,steady,1,2,211.94802799800527,211.94802799800527,66,44.65470200011623,55.68115899950499,41.506831996230176,106.2792319971777
9,original_dem_stage2_base,steady,1,2,74.11442900047405,74.11442900047405,33,12.240534990269225,25.10348299983889,44.28704200836364,1.9070240050496068
9,original_dem_stage1_only_plan,steady,1,2,54.30795199936256,54.30795199936256,33,12.715650991594885,4.547811000520596,45.574088999273954,1.600287974724779
9,direct_stage1_stage2_base,steady,1,2,50.21161299737287,50.21161299737287,33,12.42072999230004,0.7573069997306447,45.005882006080355,1.5985250065568835
9,direct_stage1_stage2_base,steady,10,0,580.7066100023803,58.07066100023803,330,137.29063900609617,8.669480997923529,520.0940919676214,21.588449981209124
9,original_dem_stage1_only_plan,steady,10,0,643.7118380017637,64.37118380017637,330,147.33703702950152,39.65660199901322,552.1541769812757,22.523497995280195
9,original_dem_stage2_base,steady,10,0,851.6391350021877,85.16391350021877,330,140.05380403250456,265.62103499963996,530.6779380298394,22.809224974480458
9,original_dem_both_stages,steady,10,0,2166.0828680032864,216.60828680032864,660,464.1807989355584,284.3025160000252,435.90777001008973,1109.5517770227161
13,original_dem_both_stages,first_decode,1,0,607.345398999314,607.345398999314,72,188.78992100144387,63.55335999978706,128.62242700066417,401.5003599997726
13,original_dem_stage2_base,first_decode,1,0,279.13908600021387,279.13908600021387,39,71.42542499059346,81.96143600071082,147.80129101563944,39.566752002428984
13,original_dem_stage1_only_plan,first_decode,1,0,205.52692799901706,205.52692799901706,39,69.56898201678996,9.401972998603014,147.29227199495654,38.82433399485308
13,direct_stage1_stage2_base,first_decode,1,0,205.62524999695597,205.62524999695597,39,71.51175800754572,1.8594850007502828,153.3536550050485,39.79226402952918
13,original_dem_both_stages,steady,1,0,665.2743329977966,665.2743329977966,66,133.86720200651325,151.5542600027402,116.31998598750215,383.09343699074816
13,original_dem_stage2_base,steady,1,0,187.7101650024997,187.7101650024997,33,29.027097993093776,67.40254500255105,112.16871299984632,3.9970769939827733
13,original_dem_stage1_only_plan,steady,1,0,127.97153700012132,127.97153700012132,33,29.591535003419267,7.154273000196554,112.38518601385294,4.054581007949309
13,direct_stage1_stage2_base,steady,1,0,134.5267460019386,134.5267460019386,33,32.992963995639,1.72441800168599,122.72317099632346,4.324896002799505
13,direct_stage1_stage2_base,steady,1,1,131.43946299896925,131.43946299896925,33,29.8273920052452,1.348579000477912,120.19073399278568,4.097904977243161
13,original_dem_stage1_only_plan,steady,1,1,139.5695879982668,139.5695879982668,33,30.19870300340699,8.22114199763746,122.90088100417051,4.0901500105974264
13,original_dem_stage2_base,steady,1,1,200.82690900017042,200.82690900017042,33,28.70112798336777,72.30773599803797,120.52315900291433,3.9103519957279786
13,original_dem_both_stages,steady,1,1,607.2141460026614,607.2141460026614,66,117.03192701315857,158.1078859999252,105.76289799791994,333.02061700305785
13,original_dem_both_stages,steady,1,2,681.5549009988899,681.5549009988899,66,119.55663299158914,224.94770800039987,109.38520801209961,336.1667779972777
13,original_dem_stage2_base,steady,1,2,189.4884719986294,189.4884719986294,33,27.399990998674184,64.28254099955666,117.65874701086432,3.6746429905178957
13,original_dem_stage1_only_plan,steady,1,2,138.93061699855025,138.93061699855025,33,28.64159399905475,8.473029996821424,122.09978499959107,4.1703230162966065
13,direct_stage1_stage2_base,steady,1,2,142.5907439988805,142.5907439988805,33,30.586222990677925,1.486493998527294,130.52694899306516,4.529892998107243
13,direct_stage1_stage2_base,steady,10,0,1505.1175620028516,150.51175620028516,330,302.12404402846005,16.412929002399324,1374.1681310129934,45.44958801125176
13,original_dem_stage1_only_plan,steady,10,0,1917.2792779972951,191.7279277997295,330,378.4939399738505,79.40347800104064,1690.5231750424718,55.50657503772527
13,original_dem_stage2_base,steady,10,0,2501.106249001168,250.11062490011682,330,359.3295070277236,758.7534020058229,1602.2146319846797,54.924517069594
13,original_dem_both_stages,steady,10,0,6477.264723998815,647.7264723998815,660,1281.7828229126462,769.5709390027332,1171.923472022172,3604.479837042163
