comparison,distance,mode,phase,batch_size,full_output,repeats,before_ms_per_shot,after_ms_per_shot,speedup_before_over_after,time_reduction_percent,before_graphs_per_batch,after_graphs_per_batch
historical_fixed,9,M1,first_decode,1,False,1,21.87453800070216,21.431205001135822,1.020686330961924,2.026707944881423,6,6
historical_fixed,9,M1,steady,1,False,3,14.40144433339204,1.0353236660497107,13.910088995010533,92.81097338515451,6,0
historical_fixed,9,M1,steady,1,True,3,18.70410233338286,0.6359563340083696,29.410985209460467,96.59990988782539,6,0
historical_fixed,9,M1,steady,10,False,1,1.7840156000602292,0.2810103000228992,6.3485772582529965,84.2484393066175,6,0
historical_fixed,9,M1,steady,10,True,1,1.4450987000600435,0.23065299974405207,6.265249971444643,84.03894490151652,6,0
historical_fixed,9,M1,steady,100,False,1,0.6462770199868828,0.13969057999929646,4.626489631513719,78.3853400818535,6,0
historical_fixed,9,M1,steady,100,True,1,0.3245254400098929,0.1916816900120466,1.693043503474419,40.93477232287142,6,0
historical_fixed,9,M1,warm_format_switch,1,True,1,21.24856799855479,0.7947710000735242,26.735459643833366,96.25964912022505,6,0
historical_fixed,9,M12,first_decode,1,False,1,9036.381290999998,333.0784899990249,27.12988548442877,96.31402793582026,72,72
historical_fixed,9,M12,steady,1,False,3,184.02739600060158,186.08504666553927,0.9889424179867821,-1.11812192622176,72,66
historical_fixed,9,M12,steady,1,True,3,180.6717266663327,186.10941400038428,0.9707823090881348,-3.009705743330837,72,66
historical_fixed,9,M12,steady,10,False,1,36.437512100019376,191.37158140001702,0.19040189684097023,-425.20485173277035,72,660
historical_fixed,9,M12,steady,10,True,1,31.47597150018555,188.34184129991627,0.16712150249217908,-498.36704738027225,72,660
historical_fixed,9,M12,warm_format_switch,1,True,1,207.6961590028077,180.79995699736173,1.148762214616226,12.949783055488462,72,66
historical_fixed,13,M1,first_decode,1,False,1,70.64527700276813,47.406005000084406,1.4902178954468392,32.89571927331125,6,6
historical_fixed,13,M1,steady,1,False,3,43.44050600047922,1.50035766637302,28.953433553942336,96.54617819977403,6,0
historical_fixed,13,M1,steady,1,True,3,46.33046033389595,1.1958799999168452,38.74173022135792,97.41880397626457,6,0
historical_fixed,13,M1,steady,10,False,1,4.705583300165017,0.7193569999799365,6.541374172067916,84.71269226166478,6,0
historical_fixed,13,M1,steady,10,True,1,4.953867199947126,0.5361922998417867,9.238974900252865,89.17628837834995,6,0
historical_fixed,13,M1,steady,100,False,1,1.348277440010861,0.4887034300190862,2.758886795532015,63.75349646025751,6,0
historical_fixed,13,M1,steady,100,True,1,1.3948972999787657,0.6271018099869252,2.2243554041214595,55.04315550711356,6,0
historical_fixed,13,M1,warm_format_switch,1,True,1,56.00043199956417,1.4812340014032088,37.806607157622366,97.35495968778467,6,0
historical_fixed,13,M12,first_decode,1,False,1,28168.6762299978,1080.2743029998965,26.075484857664435,96.1649802277557,72,72
historical_fixed,13,M12,steady,1,False,3,623.0270090006039,719.3642486660489,0.866080028519505,-15.462770999282881,72,66
historical_fixed,13,M12,steady,1,True,3,581.839734333092,628.3821023316705,0.9259330146007044,-7.999173183303743,72,66
historical_fixed,13,M12,steady,10,False,1,95.55440080002882,651.5266600999894,0.1466623035584824,-581.8384654658344,72,660
historical_fixed,13,M12,steady,10,True,1,89.02827179990709,633.5730217000673,0.14051777577431787,-611.6537352584312,72,660
historical_fixed,13,M12,warm_format_switch,1,True,1,641.0016250010813,684.7446190004121,0.9361177981023251,-6.824162731140815,72,66
historical_fixed,17,M1,first_decode,1,False,1,202.72685999952955,122.92243299816619,1.649225898437545,39.36549256548864,6,6
historical_fixed,17,M1,steady,1,False,3,101.07842933454474,1.7347220006437662,58.26779697094629,98.2837861529266,6,0
historical_fixed,17,M1,steady,1,True,3,99.03031466819812,1.9472526667717223,50.85642780624704,98.03368021873301,6,0
historical_fixed,17,M1,steady,10,False,1,11.174947199833696,1.2786562998371664,8.739602034774158,88.557831397573,6,0
historical_fixed,17,M1,steady,10,True,1,10.880887099847314,1.153104300101404,9.43616904289616,89.40247895672417,6,0
historical_fixed,17,M1,steady,100,False,1,2.3958582100021886,1.1193383499994525,2.1404235904213955,53.2802757138775,6,0
historical_fixed,17,M1,steady,100,True,1,2.728146339977684,1.5266943800088484,1.7869629807387333,44.03913171236494,6,0
historical_fixed,17,M1,warm_format_switch,1,True,1,116.78183500043815,2.3461050004698336,49.77690042732584,97.9910360198904,6,0
historical_fixed,17,M12,first_decode,1,False,1,69728.13206399951,2676.3717449975957,26.05323128011955,96.16170451469846,72,72
historical_fixed,17,M12,steady,1,False,1,1768.7841530023434,1482.1709470015776,1.193373919911588,16.203967313607315,72,66
historical_fixed,17,M12,steady,1,True,1,1621.3766559994838,1587.758028999815,1.021173646352679,2.073461886556205,72,66
historical_fixed,17,M12,warm_format_switch,1,True,1,1571.2922450002225,1603.9101079986722,0.9796635342368721,-2.0758622784678105,72,66
same_spec_uncached,9,M12,first_decode,1,False,1,18649.095311000565,954.722603000846,19.533522357576402,94.88059561560779,72,72
same_spec_uncached,9,M12,steady,1,False,3,17906.80827533409,492.60539133380615,36.351222683228464,97.24906089483099,72,66
same_spec_uncached,9,M12,steady,10,False,1,18861.46350509989,507.5756182000987,37.15990845262438,97.30892770827218,720,660
same_spec_uncached,9,ordinary,first_decode,1,False,1,46.76010300136113,44.193924999490264,1.0580663066677256,5.4879648186321734,6,6
same_spec_uncached,9,ordinary,steady,1,False,3,40.27702866612041,2.053357665621055,19.615203595783832,94.90191373687836,6,0
same_spec_uncached,9,ordinary,steady,10,False,1,4.928901499988569,0.718297999992501,6.8619173379851075,85.4268136623512,6,0
same_spec_uncached,9,ordinary,steady,100,False,1,1.27574091000497,0.5164903900003992,2.4700186774123405,59.51447618008996,6,0
same_spec_uncached,13,M12,first_decode,1,False,1,61369.18640300064,2678.2031799994,22.914313171345867,95.6359154537065,72,72
same_spec_uncached,13,M12,steady,1,False,3,50572.06720266671,1234.0893820000929,40.97925801833283,97.55974107790671,72,66
same_spec_uncached,13,M12,steady,10,False,1,34801.32630629996,539.8602137000125,64.46358783838483,98.44873666897493,720,660
same_spec_uncached,13,ordinary,first_decode,1,False,1,134.66699399941717,86.25336099976266,1.5612956114230463,35.95063018920883,6,6
same_spec_uncached,13,ordinary,steady,1,False,3,106.70103399934305,4.2914766666702535,24.863477606213372,95.97803647648188,6,0
same_spec_uncached,13,ordinary,steady,10,False,1,12.728380499902414,1.501079099944036,8.479486857406089,88.2068335405628,6,0
same_spec_uncached,13,ordinary,steady,100,False,1,2.6122628200027975,1.0477557000012894,2.4931983858446993,59.89087728928564,6,0
same_spec_uncached,17,M12,first_decode,1,False,1,72488.98969900074,3133.7894879998203,23.13141644535534,95.67687520406561,72,72
same_spec_uncached,17,M12,steady,1,False,1,78420.4164189996,2098.9207919992623,37.36225622135204,97.32350210844999,72,66
same_spec_uncached,17,ordinary,first_decode,1,False,1,159.81396400093217,86.50276099979237,1.8475013069388129,45.87283937260462,6,6
same_spec_uncached,17,ordinary,steady,1,False,3,98.76186666648816,1.8042403329066776,54.73875340508559,98.17314071330844,6,0
same_spec_uncached,17,ordinary,steady,10,False,1,10.63972410011047,1.2834017999921343,8.290251813715454,87.93764022528734,6,0
same_spec_uncached,17,ordinary,steady,100,False,1,2.395744300010847,1.093091769998864,2.1917137844824652,54.373604478828774,6,0
