syndrome_id,shortest_path_counts,best_opposite_weight,worst_opposite_weight,exact_opposite_weight,worst_opposite_weight_2_faces,worst_opposite_weight_3_faces
0,"[8, 8, 8]",5,5,5,5,5
1,"[4, 2, 6]",3,3,3,3,3
2,"[1, 8, 2]",4,4,4,4,4
3,"[3, 2, 1]",3,3,3,3,3
4,"[2, 1, 8]",4,4,4,4,4
5,"[2, 1, 3]",4,4,4,4,4
6,"[3, 1, 2]",3,3,3,3,3
7,"[3, 1, 1]",3,3,3,3,3
8,"[5, 2, 6]",3,5,3,3,3
9,"[2, 2, 3]",4,4,4,4,4
10,"[1, 2, 2]",4,4,4,4,4
11,"[3, 2, 1]",3,3,3,3,3
12,"[4, 1, 6]",3,3,3,3,3
13,"[4, 1, 6]",3,3,3,3,3
14,"[3, 1, 2]",3,3,3,3,3
15,"[3, 1, 1]",3,3,3,3,3
16,"[6, 5, 2]",3,3,3,3,3
17,"[4, 15, 6]",3,3,3,3,3
18,"[8, 15, 5]",4,4,4,4,4
19,"[3, 2, 1]",3,3,3,3,3
20,"[2, 1, 2]",4,4,4,4,4
21,"[2, 1, 3]",4,4,4,4,4
22,"[3, 1, 2]",3,3,3,3,3
23,"[3, 1, 1]",3,3,3,3,3
24,"[15, 15, 9]",4,6,4,4,4
25,"[2, 2, 3]",4,4,4,4,4
26,"[8, 15, 5]",4,4,4,4,4
27,"[3, 2, 1]",3,3,3,3,3
28,"[4, 1, 9]",3,3,3,3,3
29,"[4, 1, 6]",3,3,3,3,3
30,"[3, 1, 2]",3,3,3,3,3
31,"[3, 1, 1]",3,3,3,3,3
32,"[2, 6, 4]",3,3,3,3,3
33,"[4, 4, 1]",4,4,4,4,4
34,"[1, 3, 2]",4,4,4,4,4
35,"[3, 4, 1]",3,3,3,3,3
36,"[3, 9, 4]",4,4,4,4,4
37,"[3, 9, 1]",4,6,4,4,4
38,"[3, 1, 2]",3,3,3,3,3
39,"[3, 1, 1]",3,3,3,3,3
40,"[15, 6, 4]",3,3,3,3,3
41,"[3, 4, 1]",4,4,4,4,4
42,"[1, 3, 2]",4,4,4,4,4
43,"[3, 4, 1]",3,3,3,3,3
44,"[4, 9, 4]",4,4,4,4,4
45,"[4, 9, 1]",4,4,4,4,4
46,"[3, 1, 2]",3,3,3,3,3
47,"[3, 1, 1]",3,3,3,3,3
48,"[15, 5, 3]",5,5,5,5,5
49,"[4, 15, 1]",4,4,4,4,4
50,"[8, 15, 5]",4,4,4,4,4
51,"[3, 7, 1]",3,3,3,3,3
52,"[3, 9, 3]",4,4,4,4,4
53,"[3, 9, 1]",4,4,4,4,4
54,"[3, 1, 2]",3,3,3,3,3
55,"[3, 1, 1]",3,3,3,3,3
56,"[5, 5, 3]",5,5,5,5,5
57,"[3, 15, 1]",4,4,4,4,4
58,"[8, 15, 5]",4,6,4,4,4
59,"[3, 7, 1]",3,3,3,3,3
60,"[4, 9, 3]",4,4,4,4,4
61,"[4, 9, 1]",4,4,4,4,4
62,"[3, 1, 2]",3,3,3,3,3
63,"[3, 1, 1]",3,3,3,3,3
64,"[2, 6, 2]",3,3,3,3,3
65,"[3, 15, 5]",5,5,5,5,5
66,"[1, 6, 4]",3,3,3,3,3
67,"[1, 15, 1]",4,4,4,4,4
68,"[5, 8, 2]",4,4,4,4,4
69,"[5, 8, 15]",4,4,4,4,4
70,"[1, 9, 4]",4,4,4,4,4
71,"[1, 9, 1]",4,4,4,4,4
72,"[15, 9, 10]",4,4,4,4,4
73,"[5, 9, 15]",4,4,4,4,4
74,"[1, 9, 4]",3,3,3,3,3
75,"[6, 15, 1]",4,4,4,4,4
76,"[3, 12, 12]",5,5,5,5,5
77,"[3, 12, 3]",5,5,5,5,5
78,"[1, 12, 4]",4,4,4,4,4
79,"[1, 12, 1]",4,4,4,4,4
80,"[9, 15, 15]",4,6,4,4,4
81,"[3, 5, 5]",5,5,5,5,5
82,"[12, 11, 3]",5,5,5,5,5
83,"[1, 15, 2]",4,4,4,4,4
84,"[5, 8, 15]",4,4,4,4,4
85,"[5, 8, 15]",4,4,4,4,4
86,"[1, 9, 3]",4,4,4,4,4
87,"[1, 9, 2]",4,4,4,4,4
88,"[6, 6, 6]",6,6,6,6,6
89,"[5, 15, 15]",4,4,4,4,4
90,"[12, 6, 3]",5,5,5,5,5
91,"[6, 15, 2]",4,4,4,4,4
92,"[3, 12, 6]",5,5,5,5,5
93,"[3, 12, 3]",5,5,5,5,5
94,"[1, 12, 3]",4,4,4,4,4
95,"[1, 12, 2]",4,4,4,4,4
96,"[2, 3, 2]",4,4,4,4,4
97,"[3, 4, 1]",3,3,3,3,3
98,"[1, 6, 4]",3,3,3,3,3
99,"[1, 15, 1]",4,4,4,4,4
100,"[5, 5, 2]",3,3,3,3,3
101,"[5, 5, 1]",3,3,3,3,3
102,"[1, 9, 4]",4,4,4,4,4
103,"[1, 9, 1]",4,4,4,4,4
104,"[2, 3, 2]",4,4,4,4,4
105,"[5, 4, 1]",3,3,3,3,3
106,"[1, 6, 4]",3,3,3,3,3
107,"[6, 15, 1]",4,4,4,4,4
108,"[3, 5, 2]",3,3,3,3,3
109,"[3, 5, 1]",3,3,3,3,3
110,"[1, 9, 4]",4,4,4,4,4
111,"[1, 9, 1]",4,4,4,4,4
112,"[9, 15, 5]",4,4,4,4,4
113,"[3, 5, 1]",3,3,3,3,3
114,"[12, 3, 3]",5,5,5,5,5
115,"[1, 15, 2]",4,4,4,4,4
116,"[5, 5, 2]",3,3,3,3,3
117,"[5, 5, 1]",3,3,3,3,3
118,"[1, 9, 3]",4,4,4,4,4
119,"[1, 9, 2]",4,4,4,4,4
120,"[15, 15, 5]",4,4,4,4,4
121,"[5, 5, 1]",3,3,3,3,3
122,"[12, 3, 3]",5,5,5,5,5
123,"[6, 15, 2]",4,4,4,4,4
124,"[3, 5, 2]",3,3,3,3,3
125,"[3, 5, 1]",3,3,3,3,3
126,"[1, 9, 3]",4,4,4,4,4
127,"[1, 9, 2]",4,4,4,4,4
128,"[6, 4, 2]",3,3,3,3,3
129,"[1, 4, 4]",4,4,4,4,4
130,"[9, 4, 3]",4,4,4,4,4
131,"[1, 8, 6]",4,4,4,4,4
132,"[1, 3, 2]",3,3,3,3,3
133,"[1, 3, 4]",3,3,3,3,3
134,"[1, 3, 5]",4,4,4,4,4
135,"[1, 3, 6]",4,4,4,4,4
136,"[5, 3, 15]",5,5,5,5,5
137,"[1, 3, 4]",3,3,3,3,3
138,"[9, 3, 3]",4,4,4,4,4
139,"[1, 3, 6]",4,4,4,4,4
140,"[2, 1, 15]",4,4,4,4,4
141,"[2, 1, 15]",4,4,4,4,4
142,"[1, 1, 5]",4,4,4,4,4
143,"[1, 1, 6]",4,4,4,4,4
144,"[3, 2, 2]",4,4,4,4,4
145,"[1, 3, 4]",4,4,4,4,4
146,"[5, 2, 5]",3,3,3,3,3
147,"[1, 5, 6]",4,4,4,4,4
148,"[1, 3, 2]",3,3,3,3,3
149,"[1, 3, 4]",3,3,3,3,3
150,"[1, 3, 5]",4,4,4,4,4
151,"[1, 3, 6]",4,4,4,4,4
152,"[15, 5, 9]",4,4,4,4,4
153,"[1, 5, 4]",3,3,3,3,3
154,"[5, 2, 5]",3,3,3,3,3
155,"[1, 5, 6]",4,4,4,4,4
156,"[2, 6, 15]",4,4,4,4,4
157,"[2, 6, 15]",4,4,4,4,4
158,"[1, 6, 5]",4,4,4,4,4
159,"[1, 6, 6]",4,4,4,4,4
160,"[4, 2, 4]",4,4,4,4,4
161,"[1, 8, 1]",4,4,4,4,4
162,"[9, 2, 3]",4,4,4,4,4
163,"[1, 8, 6]",4,4,4,4,4
164,"[6, 1, 8]",4,4,4,4,4
165,"[6, 1, 1]",4,4,4,4,4
166,"[1, 1, 5]",4,4,4,4,4
167,"[1, 1, 6]",4,4,4,4,4
168,"[15, 1, 4]",4,4,4,4,4
169,"[6, 1, 1]",4,4,4,4,4
170,"[9, 1, 3]",4,4,4,4,4
171,"[1, 1, 6]",4,4,4,4,4
172,"[8, 1, 8]",4,4,4,4,4
173,"[8, 1, 1]",4,4,4,4,4
174,"[1, 1, 5]",4,4,4,4,4
175,"[1, 1, 6]",4,4,4,4,4
176,"[4, 1, 3]",3,3,3,3,3
177,"[1, 6, 1]",4,4,4,4,4
178,"[5, 1, 5]",3,3,3,3,3
179,"[1, 6, 6]",4,4,4,4,4
180,"[6, 1, 3]",4,4,4,4,4
181,"[6, 1, 1]",4,4,4,4,4
182,"[1, 1, 5]",4,4,4,4,4
183,"[1, 1, 6]",4,4,4,4,4
184,"[5, 1, 3]",3,3,3,3,3
185,"[6, 6, 1]",4,4,4,4,4
186,"[5, 1, 5]",3,3,3,3,3
187,"[1, 6, 6]",4,4,4,4,4
188,"[8, 1, 3]",4,4,4,4,4
189,"[8, 1, 1]",4,4,4,4,4
190,"[1, 1, 5]",4,4,4,4,4
191,"[1, 1, 6]",4,4,4,4,4
192,"[6, 4, 2]",3,3,3,3,3
193,"[1, 4, 15]",4,4,4,4,4
194,"[9, 4, 4]",4,4,4,4,4
195,"[1, 8, 1]",4,4,4,4,4
196,"[1, 3, 2]",3,3,3,3,3
197,"[1, 3, 7]",3,3,3,3,3
198,"[1, 3, 8]",4,4,4,4,4
199,"[1, 3, 1]",4,4,4,4,4
200,"[5, 3, 10]",5,5,5,5,5
201,"[1, 3, 5]",3,3,3,3,3
202,"[9, 3, 4]",4,4,4,4,4
203,"[1, 3, 1]",4,4,4,4,4
204,"[1, 1, 12]",4,4,4,4,4
205,"[2, 1, 15]",4,4,4,4,4
206,"[1, 1, 8]",4,4,4,4,4
207,"[1, 1, 1]",4,4,4,4,4
208,"[3, 2, 2]",4,4,4,4,4
209,"[1, 3, 15]",4,4,4,4,4
210,"[5, 2, 3]",3,3,3,3,3
211,"[1, 5, 8]",4,4,4,4,4
212,"[1, 3, 2]",3,3,3,3,3
213,"[1, 3, 7]",3,3,3,3,3
214,"[1, 3, 3]",4,4,4,4,4
215,"[1, 3, 8]",4,4,4,4,4
216,"[15, 5, 15]",4,6,4,4,4
217,"[1, 5, 5]",3,3,3,3,3
218,"[5, 2, 3]",3,3,3,3,3
219,"[1, 5, 8]",4,4,4,4,4
220,"[1, 6, 15]",4,4,4,4,4
221,"[2, 6, 15]",4,4,4,4,4
222,"[1, 6, 3]",4,4,4,4,4
223,"[1, 6, 8]",4,4,4,4,4
224,"[4, 2, 3]",4,4,4,4,4
225,"[1, 8, 6]",4,4,4,4,4
226,"[9, 2, 4]",4,4,4,4,4
227,"[1, 8, 1]",4,4,4,4,4
228,"[6, 1, 5]",4,4,4,4,4
229,"[6, 1, 6]",4,4,4,4,4
230,"[1, 1, 8]",4,4,4,4,4
231,"[1, 1, 1]",4,4,4,4,4
232,"[15, 1, 3]",4,6,4,4,4
233,"[6, 1, 6]",4,4,4,4,4
234,"[9, 1, 4]",4,4,4,4,4
235,"[1, 1, 1]",4,4,4,4,4
236,"[1, 1, 5]",4,4,4,4,4
237,"[8, 1, 6]",4,4,4,4,4
238,"[1, 1, 8]",4,4,4,4,4
239,"[1, 1, 1]",4,4,4,4,4
240,"[4, 1, 5]",3,3,3,3,3
241,"[1, 6, 6]",4,4,4,4,4
242,"[5, 1, 3]",3,3,3,3,3
243,"[1, 6, 8]",4,4,4,4,4
244,"[6, 1, 5]",4,4,4,4,4
245,"[6, 1, 6]",4,4,4,4,4
246,"[1, 1, 3]",4,4,4,4,4
247,"[1, 1, 8]",4,4,4,4,4
248,"[5, 1, 5]",3,3,3,3,3
249,"[6, 6, 6]",5,5,3,5,5
250,"[5, 1, 3]",3,3,3,3,3
251,"[1, 6, 8]",4,4,4,4,4
252,"[1, 1, 5]",4,4,4,4,4
253,"[8, 1, 6]",4,4,4,4,4
254,"[1, 1, 3]",4,4,4,4,4
255,"[1, 1, 8]",4,4,4,4,4
256,"[8, 2, 1]",4,4,4,4,4
257,"[4, 3, 9]",4,4,4,4,4
258,"[1, 2, 3]",3,3,3,3,3
259,"[3, 5, 1]",4,4,4,4,4
260,"[2, 3, 1]",3,3,3,3,3
261,"[2, 3, 1]",3,3,3,3,3
262,"[3, 3, 3]",4,4,4,4,4
263,"[3, 3, 1]",4,4,4,4,4
264,"[15, 5, 8]",4,6,4,4,4
265,"[2, 5, 5]",3,3,3,3,3
266,"[1, 2, 3]",3,3,3,3,3
267,"[3, 5, 1]",4,4,4,4,4
268,"[4, 1, 9]",4,4,4,4,4
269,"[4, 1, 9]",4,4,4,4,4
270,"[3, 1, 3]",4,4,4,4,4
271,"[3, 1, 1]",4,4,4,4,4
272,"[6, 4, 1]",3,3,3,3,3
273,"[4, 4, 9]",4,4,4,4,4
274,"[9, 4, 1]",4,4,4,4,4
275,"[3, 8, 1]",4,4,4,4,4
276,"[2, 3, 1]",3,3,3,3,3
277,"[2, 3, 1]",3,3,3,3,3
278,"[3, 3, 1]",4,4,4,4,4
279,"[3, 3, 1]",4,4,4,4,4
280,"[11, 3, 12]",5,5,5,5,5
281,"[2, 3, 5]",3,3,3,3,3
282,"[9, 3, 1]",4,4,4,4,4
283,"[3, 3, 1]",4,4,4,4,4
284,"[4, 1, 12]",4,4,4,4,4
285,"[4, 1, 9]",4,4,4,4,4
286,"[3, 1, 1]",4,4,4,4,4
287,"[3, 1, 1]",4,4,4,4,4
288,"[2, 1, 3]",3,3,3,3,3
289,"[8, 6, 1]",4,4,4,4,4
290,"[1, 1, 3]",3,3,3,3,3
291,"[3, 6, 1]",4,4,4,4,4
292,"[5, 1, 3]",4,4,4,4,4
293,"[5, 1, 1]",4,4,4,4,4
294,"[3, 1, 3]",4,4,4,4,4
295,"[3, 1, 1]",4,4,4,4,4
296,"[2, 1, 3]",3,3,3,3,3
297,"[5, 6, 1]",4,4,4,4,4
298,"[1, 1, 3]",3,3,3,3,3
299,"[3, 6, 1]",4,4,4,4,4
300,"[8, 1, 3]",4,4,4,4,4
301,"[8, 1, 1]",4,4,4,4,4
302,"[3, 1, 3]",4,4,4,4,4
303,"[3, 1, 1]",4,4,4,4,4
304,"[15, 1, 6]",4,4,4,4,4
305,"[8, 1, 1]",4,4,4,4,4
306,"[9, 1, 1]",4,4,4,4,4
307,"[3, 1, 1]",4,4,4,4,4
308,"[5, 1, 6]",4,4,4,4,4
309,"[5, 1, 1]",4,4,4,4,4
310,"[3, 1, 1]",4,4,4,4,4
311,"[3, 1, 1]",4,4,4,4,4
312,"[15, 2, 6]",4,6,4,4,4
313,"[5, 8, 1]",4,4,4,4,4
314,"[9, 2, 1]",4,4,4,4,4
315,"[3, 8, 1]",4,4,4,4,4
316,"[8, 1, 6]",4,4,4,4,4
317,"[8, 1, 1]",4,4,4,4,4
318,"[3, 1, 1]",4,4,4,4,4
319,"[3, 1, 1]",4,4,4,4,4
320,"[2, 2, 1]",4,4,4,4,4
321,"[3, 3, 9]",4,4,4,4,4
322,"[1, 2, 3]",3,3,3,3,3
323,"[1, 5, 1]",4,4,4,4,4
324,"[2, 3, 1]",3,3,3,3,3
325,"[2, 3, 1]",3,3,3,3,3
326,"[1, 3, 3]",4,4,4,4,4
327,"[1, 3, 1]",4,4,4,4,4
328,"[15, 5, 8]",4,6,4,4,4
329,"[2, 5, 5]",3,3,3,3,3
330,"[1, 2, 3]",3,3,3,3,3
331,"[6, 5, 1]",4,4,4,4,4
332,"[3, 1, 9]",4,4,4,4,4
333,"[3, 1, 9]",4,4,4,4,4
334,"[1, 1, 3]",4,4,4,4,4
335,"[1, 1, 1]",4,4,4,4,4
336,"[9, 4, 3]",3,3,3,3,3
337,"[3, 4, 9]",4,4,4,4,4
338,"[12, 4, 6]",4,4,4,4,4
339,"[1, 8, 1]",4,4,4,4,4
340,"[2, 3, 3]",3,3,3,3,3
341,"[2, 3, 1]",3,3,3,3,3
342,"[1, 3, 6]",4,4,4,4,4
343,"[1, 3, 1]",4,4,4,4,4
344,"[6, 3, 3]",5,5,5,5,5
345,"[2, 3, 5]",3,3,3,3,3
346,"[12, 3, 6]",4,4,4,4,4
347,"[6, 3, 1]",4,4,4,4,4
348,"[3, 1, 3]",4,4,4,4,4
349,"[3, 1, 9]",4,4,4,4,4
350,"[1, 1, 6]",4,4,4,4,4
351,"[1, 1, 1]",4,4,4,4,4
352,"[2, 1, 3]",3,3,3,3,3
353,"[3, 6, 1]",4,4,4,4,4
354,"[1, 1, 3]",3,3,3,3,3
355,"[1, 6, 1]",4,4,4,4,4
356,"[5, 1, 3]",4,4,4,4,4
357,"[5, 1, 1]",4,4,4,4,4
358,"[1, 1, 3]",4,4,4,4,4
359,"[1, 1, 1]",4,4,4,4,4
360,"[2, 1, 3]",3,3,3,3,3
361,"[5, 6, 1]",4,4,4,4,4
362,"[1, 1, 3]",3,3,3,3,3
363,"[6, 6, 1]",4,4,4,4,4
364,"[3, 1, 3]",4,4,4,4,4
365,"[3, 1, 1]",4,4,4,4,4
366,"[1, 1, 3]",4,4,4,4,4
367,"[1, 1, 1]",4,4,4,4,4
368,"[15, 1, 6]",4,6,4,4,4
369,"[3, 1, 1]",4,4,4,4,4
370,"[12, 1, 6]",4,4,4,4,4
371,"[1, 1, 1]",4,4,4,4,4
372,"[5, 1, 6]",4,4,4,4,4
373,"[5, 1, 1]",4,4,4,4,4
374,"[1, 1, 6]",4,4,4,4,4
375,"[1, 1, 1]",4,4,4,4,4
376,"[15, 2, 6]",4,4,4,4,4
377,"[5, 8, 1]",4,4,4,4,4
378,"[12, 2, 6]",4,4,4,4,4
379,"[6, 8, 1]",4,4,4,4,4
380,"[3, 1, 6]",4,4,4,4,4
381,"[3, 1, 1]",4,4,4,4,4
382,"[1, 1, 6]",4,4,4,4,4
383,"[1, 1, 1]",4,4,4,4,4
384,"[3, 2, 1]",4,4,4,4,4
385,"[1, 3, 9]",4,4,4,4,4
386,"[1, 2, 3]",3,3,3,3,3
387,"[1, 5, 1]",4,4,4,4,4
388,"[1, 3, 1]",3,3,3,3,3
389,"[1, 3, 1]",3,3,3,3,3
390,"[1, 3, 3]",4,4,4,4,4
391,"[1, 3, 1]",4,4,4,4,4
392,"[15, 5, 8]",4,4,4,4,4
393,"[1, 5, 5]",3,3,3,3,3
394,"[1, 2, 3]",3,3,3,3,3
395,"[1, 5, 1]",4,4,4,4,4
396,"[2, 1, 9]",4,4,4,4,4
397,"[2, 1, 9]",4,4,4,4,4
398,"[1, 1, 3]",4,4,4,4,4
399,"[1, 1, 1]",4,4,4,4,4
400,"[6, 4, 1]",3,3,3,3,3
401,"[1, 4, 9]",4,4,4,4,4
402,"[9, 4, 1]",4,4,4,4,4
403,"[1, 8, 1]",4,4,4,4,4
404,"[1, 3, 1]",3,3,3,3,3
405,"[1, 3, 1]",3,3,3,3,3
406,"[1, 3, 1]",4,4,4,4,4
407,"[1, 3, 1]",4,4,4,4,4
408,"[3, 3, 12]",5,5,5,5,5
409,"[1, 3, 5]",3,3,3,3,3
410,"[9, 3, 1]",4,4,4,4,4
411,"[1, 3, 1]",4,4,4,4,4
412,"[2, 1, 12]",4,4,4,4,4
413,"[2, 1, 9]",4,4,4,4,4
414,"[1, 1, 1]",4,4,4,4,4
415,"[1, 1, 1]",4,4,4,4,4
416,"[4, 1, 3]",3,3,3,3,3
417,"[1, 6, 1]",4,4,4,4,4
418,"[1, 1, 3]",3,3,3,3,3
419,"[1, 6, 1]",4,4,4,4,4
420,"[6, 1, 3]",4,4,4,4,4
421,"[6, 1, 1]",4,4,4,4,4
422,"[1, 1, 3]",4,4,4,4,4
423,"[1, 1, 1]",4,4,4,4,4
424,"[7, 1, 3]",3,3,3,3,3
425,"[6, 6, 1]",4,4,4,4,4
426,"[1, 1, 3]",3,3,3,3,3
427,"[1, 6, 1]",4,4,4,4,4
428,"[8, 1, 3]",4,4,4,4,4
429,"[8, 1, 1]",4,4,4,4,4
430,"[1, 1, 3]",4,4,4,4,4
431,"[1, 1, 1]",4,4,4,4,4
432,"[15, 2, 6]",4,4,4,4,4
433,"[1, 8, 1]",4,4,4,4,4
434,"[9, 2, 1]",4,4,4,4,4
435,"[1, 8, 1]",4,4,4,4,4
436,"[6, 1, 6]",4,4,4,4,4
437,"[6, 1, 1]",4,4,4,4,4
438,"[1, 1, 1]",4,4,4,4,4
439,"[1, 1, 1]",4,4,4,4,4
440,"[15, 1, 6]",4,4,4,4,4
441,"[6, 1, 1]",4,4,4,4,4
442,"[9, 1, 1]",4,4,4,4,4
443,"[1, 1, 1]",4,4,4,4,4
444,"[8, 1, 6]",4,4,4,4,4
445,"[8, 1, 1]",4,4,4,4,4
446,"[1, 1, 1]",4,4,4,4,4
447,"[1, 1, 1]",4,4,4,4,4
448,"[3, 2, 1]",4,4,4,4,4
449,"[1, 3, 9]",4,4,4,4,4
450,"[1, 2, 3]",3,3,3,3,3
451,"[1, 5, 1]",4,4,4,4,4
452,"[1, 3, 1]",3,3,3,3,3
453,"[1, 3, 1]",3,3,3,3,3
454,"[1, 3, 3]",4,4,4,4,4
455,"[1, 3, 1]",4,4,4,4,4
456,"[15, 5, 8]",4,6,4,4,4
457,"[1, 5, 5]",3,3,3,3,3
458,"[1, 2, 3]",3,3,3,3,3
459,"[1, 5, 1]",4,4,4,4,4
460,"[1, 1, 9]",4,4,4,4,4
461,"[2, 1, 9]",4,4,4,4,4
462,"[1, 1, 3]",4,4,4,4,4
463,"[1, 1, 1]",4,4,4,4,4
464,"[6, 4, 3]",3,3,3,3,3
465,"[1, 4, 9]",4,4,4,4,4
466,"[9, 4, 6]",4,4,4,4,4
467,"[1, 8, 1]",4,4,4,4,4
468,"[1, 3, 3]",3,3,3,3,3
469,"[1, 3, 1]",3,3,3,3,3
470,"[1, 3, 6]",4,4,4,4,4
471,"[1, 3, 1]",4,4,4,4,4
472,"[3, 3, 3]",5,5,5,5,5
473,"[1, 3, 5]",3,3,3,3,3
474,"[9, 3, 6]",4,4,4,4,4
475,"[1, 3, 1]",4,4,4,4,4
476,"[1, 1, 3]",4,4,4,4,4
477,"[2, 1, 9]",4,4,4,4,4
478,"[1, 1, 6]",4,4,4,4,4
479,"[1, 1, 1]",4,4,4,4,4
480,"[4, 1, 3]",3,3,3,3,3
481,"[1, 6, 1]",4,4,4,4,4
482,"[1, 1, 3]",3,3,3,3,3
483,"[1, 6, 1]",4,4,4,4,4
484,"[6, 1, 3]",4,4,4,4,4
485,"[6, 1, 1]",4,4,4,4,4
486,"[1, 1, 3]",4,4,4,4,4
487,"[1, 1, 1]",4,4,4,4,4
488,"[7, 1, 3]",3,3,3,3,3
489,"[6, 6, 1]",4,4,4,4,4
490,"[1, 1, 3]",3,3,3,3,3
491,"[1, 6, 1]",4,4,4,4,4
492,"[1, 1, 3]",4,4,4,4,4
493,"[8, 1, 1]",4,4,4,4,4
494,"[1, 1, 3]",4,4,4,4,4
495,"[1, 1, 1]",4,4,4,4,4
496,"[15, 2, 6]",4,4,4,4,4
497,"[1, 8, 1]",4,4,4,4,4
498,"[9, 2, 6]",4,4,4,4,4
499,"[1, 8, 1]",4,4,4,4,4
500,"[6, 1, 6]",4,4,4,4,4
501,"[6, 1, 1]",4,4,4,4,4
502,"[1, 1, 6]",4,4,4,4,4
503,"[1, 1, 1]",4,4,4,4,4
504,"[15, 1, 6]",4,6,4,4,4
505,"[6, 1, 1]",4,4,4,4,4
506,"[9, 1, 6]",4,4,4,4,4
507,"[1, 1, 1]",4,4,4,4,4
508,"[1, 1, 6]",4,4,4,4,4
509,"[8, 1, 1]",4,4,4,4,4
510,"[1, 1, 6]",4,4,4,4,4
511,"[1, 1, 1]",4,4,4,4,4
