p,method,equal_syndromes,uniform_mae_w,probability_equal,weighted_mae_w,weighted_bias_w,under_syndromes,over_syndromes,probability_under,probability_over,zero_syndromes,improved_syndromes,worsened_syndromes,probability_improved,probability_worsened,weighted_order_error,max_absolute_error_w,example_88,example_54,example_340
0.02,baseline,484,0.0781250000000002,0.9779546802731703,0.025768356338163885,-0.01572846268355298,14,14,0.017610847928945204,0.004434471797884702,0,0,0,0.0,0.0,0.0007099580474404584,2.0,3.999999999999999,1.9999999999999996,1.9999999999999996
0.02,hard_selected,428,0.2812500000000001,0.946474221386903,0.07278459989798602,0.04155616423525546,7,77,0.015614217831364538,0.03791156078173236,0,11,69,0.0031375615819124827,0.03525354903083102,0.01088890021263559,1.9999999999999996,3.999999999999999,2.9999999999999996,1.9999999999999996
0.02,median_eligible,407,0.2841796875000001,0.9544765315695277,0.058371925008966666,0.025432092119738375,9,96,0.016184683573530444,0.02933878485694148,0,12,89,0.0034227944529954357,0.026976849780537368,0.007241377006266962,2.0,3.999999999999999,1.9999999999999996,2.4999999999999996
0.02,odd_floor,497,0.05859375,0.9818036770416343,0.03639264591673192,-0.0340507457990489,14,1,0.017610847928945204,0.0005854750294207553,0,13,3,0.0038489967684639465,0.014473286347032727,0.008557746687174914,2.0,3.0,1.0,1.0
0.02,odd_ceil,487,0.09765625,0.992427966620203,0.01514406675959437,0.0025938204319444387,11,14,0.0031375615819124827,0.004434471797884702,0,3,13,0.014473286347032727,0.0038489967684639465,0.0028685393566619108,2.0,5.0,3.0,3.0
0.02,original_graph,484,0.078125,0.9779546802731703,0.02576835633816315,-0.015728462683552238,14,14,0.017610847928945204,0.004434471797884702,0,0,0,0.0,0.0,0.0007099580474404584,2.0,4.0,2.0,2.0
0.02,coverage_max,267,0.4892578125,0.9687464302887977,0.05154199047794254,-0.04976553043095918,239,6,0.02947710966421891,0.00177646004698336,190,14,237,0.004434471797884702,0.028595557960300923,0.008511910708627923,3.0,3.0,1.0,0.5
0.02,coverage_same_class,390,0.2490234375,0.9762298089074124,0.04417969651657108,-0.04064013306175176,114,8,0.02111217934168626,0.002658011750901342,65,13,114,0.004138395123387475,0.02111217934168626,0.008600277236901509,3.0,3.0,1.0,2.0
0.02,coverage_mean,29,0.5742187499999998,0.6818222162414751,0.14147102045690557,0.09579656299992087,28,455,0.01934506962281827,0.29883271413570633,0,15,468,0.004589579027996371,0.31358820473052823,0.000141136539208826,1.6666666666666667,3.666666666666667,2.1666666666666665,1.8333333333333333
0.02,coverage_median,329,0.27734375,0.8721291306647997,0.08286584774150363,0.04267969291328744,51,132,0.01979385247574549,0.10807701685945473,20,12,161,0.0034227944529954357,0.10760200965535363,0.0006956558063200458,2.0,4.0,2.5,2.0
0.02,coverage_min,22,1.60546875,0.6821602878969522,0.2545402768887387,0.22673463567900504,1,489,0.013902820604866823,0.3039368914981809,0,12,477,0.0034227944529954357,0.3005140970451855,0.009428813101674415,4.0,4.0,3.0,3.0
0.02,coverage_blend_0.25,271,0.171630859375,0.9676155501473984,0.031048083036460818,-0.02344080446709148,227,14,0.027949978054716884,0.004434471797884702,0,14,217,0.004434471797884702,0.025097649343887356,0.00034989323698583167,2.25,3.75,1.75,1.625
0.02,coverage_blend_0.5,271,0.26513671875,0.9676155501473984,0.03632780973475853,-0.03115314625063077,227,14,0.027949978054716884,0.004434471797884702,0,14,217,0.004434471797884702,0.025097649343887356,0.00034914941163750494,2.5,3.5,1.5,1.25
0.02,coverage_blend_0.75,261,0.3701171875,0.9669699702418143,0.04312544866109669,-0.040016643578875806,239,12,0.02947710966421891,0.00355292009396672,0,14,237,0.004434471797884702,0.028595557960300923,0.0005845927977213842,2.75,3.25,1.25,0.875
0.02,witness_coverage_max,401,0.1796875,0.9742606140225436,0.033702254397419217,-0.028978384244610984,98,13,0.021600990854069076,0.004138395123387475,31,14,86,0.004434471797884702,0.01816735259765937,0.0003598905780002828,2.0,3.5,1.5,0.5
0.02,intersection_zero,363,0.234375,0.15053933857273238,0.8710274658519493,-0.8692643624441134,146,3,0.848283033048852,0.0011776283784152087,34,14,133,0.004434471797884702,0.844553318117945,0.008812774390481226,2.5,2.5,1.0,0.5
0.02,correction_erased,2,1.953125,0.6951365970545625,0.3591636251904885,0.3591636251904885,0,510,0.0,0.30486340294543707,0,12,496,0.0170403821867793,0.30056990059193794,0.002874939226253016,3.0,5.0,4.0,4.0
0.02,rescore_native3,480,0.1328125,0.993968929007144,0.012206927865099885,0.012206927865099885,0,32,0.0,0.0060310709928561145,0,16,32,0.01849239963286319,0.0060310709928561145,0.003586578556773006,4.0,5.0,3.0,1.0
0.02,rescore_original3,480,0.1328125,0.993968929007144,0.012206927865099885,0.012206927865099885,0,32,0.0,0.0060310709928561145,0,16,32,0.01849239963286319,0.0060310709928561145,0.003586578556773006,4.0,5.0,3.0,1.0
0.02,rescore_transferred3,357,0.6328125,0.980376860353718,0.04070989986825723,0.04070989986825723,0,155,0.0,0.019623139646282095,0,14,154,0.017921933890697284,0.019337906775199143,0.01325453849810474,4.0,5.0,3.0,1.0
0.02,rescore_union6,480,0.1328125,0.993968929007144,0.012206927865099885,0.012206927865099885,0,32,0.0,0.0060310709928561145,0,16,32,0.01849239963286319,0.0060310709928561145,0.003586578556773006,4.0,5.0,3.0,1.0
0.02,rescore_erased3,500,0.046875,0.9964470799060334,0.00710584018793344,0.00710584018793344,0,12,0.0,0.00355292009396672,0,16,12,0.01849239963286319,0.00355292009396672,0.0020225632879236196,2.0,5.0,3.0,1.0
0.02,rescore_original3_xor,480,0.1328125,0.993968929007144,0.012206927865099885,0.012206927865099885,0,32,0.0,0.0060310709928561145,0,16,32,0.01849239963286319,0.0060310709928561145,0.003586578556773006,4.0,5.0,3.0,1.0
0.02,rescore_union6_odd_xor,492,0.0859375,0.9969666669114822,0.006211452056423413,0.006211452056423413,0,20,0.0,0.0030333330885178784,0,26,20,0.021453166377835457,0.0030333330885178784,0.0018800626566750859,4.0,5.0,1.0,1.0
0.02,rescore_k1,477,0.16015625,0.9933582900784665,0.015288865969241235,0.015288865969241235,0,35,0.0,0.006641709921533552,0,16,35,0.01849239963286319,0.006641709921533552,0.005904060637725899,4.0,5.0,3.0,1.0
0.02,rescore_k2,488,0.1015625,0.9952862143244112,0.011237903799450784,0.011237903799450784,0,24,0.0,0.004713785675588838,0,16,24,0.01849239963286319,0.004713785675588838,0.004599990122692932,4.0,5.0,3.0,1.0
0.02,rescore_k3,493,0.08203125,0.995414064003154,0.010982204441965224,0.010982204441965224,0,19,0.0,0.004585935996846056,0,16,19,0.01849239963286319,0.004585935996846056,0.004527209407180334,4.0,5.0,3.0,1.0
0.02,rescore_k5,498,0.0546875,0.9964101087466675,0.007179782506665378,0.007179782506665378,0,14,0.0,0.003589891253332689,0,16,14,0.01849239963286319,0.003589891253332689,0.0020436097814185237,2.0,5.0,3.0,1.0
0.02,rescore_k15,500,0.046875,0.9964470799060334,0.00710584018793344,0.00710584018793344,0,12,0.0,0.00355292009396672,0,16,12,0.01849239963286319,0.00355292009396672,0.0020225632879236196,2.0,5.0,3.0,1.0
0.02,rescore_all_shortest,499,0.05078125,0.9964285943263504,0.007142811347299409,0.007142811347299409,0,13,0.0,0.0035714056736497043,0,16,13,0.01849239963286319,0.0035714056736497043,0.0020330865346710717,2.0,5.0,3.0,1.0
0.02,rescore_union6_all_anchors,500,0.046875,0.9964470799060334,0.00710584018793344,0.00710584018793344,0,12,0.0,0.00355292009396672,0,16,12,0.01849239963286319,0.00355292009396672,0.0020225632879236196,2.0,5.0,3.0,1.0
0.02,rescore_union6_face_polish,512,0.0,1.0000000000000002,0.0,0.0,0,0,0.0,0.0,0,28,0,0.02204531972682991,0.0,0.0,0.0,5.0,1.0,1.0
0.02,rescore_original3_all_anchors,500,0.046875,0.9964470799060334,0.00710584018793344,0.00710584018793344,0,12,0.0,0.00355292009396672,0,16,12,0.01849239963286319,0.00355292009396672,0.0020225632879236196,2.0,5.0,3.0,1.0
0.02,rescore_original3_final_face_polish,512,0.0,1.0000000000000002,0.0,0.0,0,0,0.0,0.0,0,28,0,0.02204531972682991,0.0,0.0,0.0,5.0,1.0,1.0
0.02,rescore_original3_all_face_polish,512,0.0,1.0000000000000002,0.0,0.0,0,0,0.0,0.0,0,28,0,0.02204531972682991,0.0,0.0,0.0,5.0,1.0,1.0
0.02,rescore_original3_one_face,512,0.0,1.0000000000000002,0.0,0.0,0,0,0.0,0.0,0,28,0,0.02204531972682991,0.0,0.0,0.0,5.0,1.0,1.0
0.02,rescore_union6_one_face,512,0.0,1.0000000000000002,0.0,0.0,0,0,0.0,0.0,0,28,0,0.02204531972682991,0.0,0.0,0.0,5.0,1.0,1.0
0.02,rescore_erased3_face_polish,512,0.0,1.0000000000000002,0.0,0.0,0,0,0.0,0.0,0,28,0,0.02204531972682991,0.0,0.0,0.0,5.0,1.0,1.0
0.02,rescore_all_shortest_one_face,512,0.0,1.0000000000000002,0.0,0.0,0,0,0.0,0.0,0,28,0,0.02204531972682991,0.0,0.0,0.0,5.0,1.0,1.0
0.02,rescore_original3_two_faces,512,0.0,1.0000000000000002,0.0,0.0,0,0,0.0,0.0,0,28,0,0.02204531972682991,0.0,0.0,0.0,5.0,1.0,1.0
0.02,rescore_native3_two_faces,512,0.0,1.0000000000000002,0.0,0.0,0,0,0.0,0.0,0,28,0,0.02204531972682991,0.0,0.0,0.0,5.0,1.0,1.0
0.02,rescore_union6_two_faces,512,0.0,1.0000000000000002,0.0,0.0,0,0,0.0,0.0,0,28,0,0.02204531972682991,0.0,0.0,0.0,5.0,1.0,1.0
0.02,rescore_all_shortest_two_faces,512,0.0,1.0000000000000002,0.0,0.0,0,0,0.0,0.0,0,28,0,0.02204531972682991,0.0,0.0,0.0,5.0,1.0,1.0
0.02,rescore_original3_three_faces,512,0.0,1.0000000000000002,0.0,0.0,0,0,0.0,0.0,0,28,0,0.02204531972682991,0.0,0.0,0.0,5.0,1.0,1.0
0.02,rescore_union6_odd_xor_all_anchors,510,0.0078125,0.9994078466510057,0.0011843066979889067,0.0011843066979889067,0,2,0.0,0.0005921533489944533,0,26,2,0.021453166377835457,0.0005921533489944533,0.0003370938813206034,2.0,5.0,1.0,1.0
0.04,baseline,484,0.07812500000000021,0.9570860303662725,0.053620044173032795,-0.024022927134270882,14,14,0.029822347735554193,0.01309162189817277,0,0,0,0.0,0.0,0.0035350393908088478,2.000000000000001,4.000000000000001,2.0000000000000004,2.0000000000000004
0.04,hard_selected,428,0.2812500000000002,0.8856494739646709,0.17132776899976593,0.12313652178805463,7,77,0.024095623605855675,0.0902549024294731,0,11,69,0.008999137918097666,0.0824177506591302,0.032926768716591615,2.000000000000001,4.000000000000001,3.000000000000001,2.0000000000000004
0.04,median_eligible,407,0.2841796875000002,0.8874264889683342,0.15047711762002142,0.09737724972571139,9,96,0.02573183050005525,0.08684168053161015,0,12,89,0.009817241365197456,0.07988027378257226,0.022672677596000022,2.000000000000001,4.000000000000001,2.0000000000000004,2.500000000000001
0.04,odd_floor,497,0.05859375,0.9684707156432372,0.06305856871352439,-0.05623082222869237,14,1,0.029822347735554193,0.0017069366212080054,0,13,3,0.011384685276964764,0.02082320981745652,0.014773871198417918,2.0,3.0,1.0,1.0
0.04,odd_ceil,487,0.09765625,0.9779092401837289,0.044181519632540876,0.008184967960150204,11,14,0.008999137918097666,0.01309162189817277,0,3,13,0.02082320981745652,0.011384685276964764,0.010035960874197374,2.0,5.0,3.0,3.0
0.04,original_graph,484,0.078125,0.9570860303662725,0.05362004417303263,-0.024022927134271083,14,14,0.029822347735554193,0.01309162189817277,0,0,0,0.0,0.0,0.0035350393908088478,2.0,4.0,2.0,2.0
0.04,coverage_max,267,0.4892578125,0.9218124386730447,0.11466434210662792,-0.10940987197879803,239,6,0.0729330911991252,0.005254470127829891,190,14,237,0.01309162189817277,0.0703504095566122,0.01585596251546775,3.0,3.0,1.0,0.5
0.04,coverage_same_class,390,0.2490234375,0.9473073727447447,0.08944671199156788,-0.07902687857871202,114,8,0.044855475484912095,0.007837151770342879,65,13,114,0.012215876876867787,0.044855475484912095,0.016477346065930664,3.0,3.0,1.0,2.0
0.04,coverage_mean,29,0.5742187499999998,0.46403232538666367,0.2636903334541828,0.18712393365473273,28,455,0.035765910118440686,0.500201764494895,0,15,468,0.013218026454810232,0.5227496481585254,0.0008970761286738461,1.6666666666666667,3.666666666666667,2.1666666666666665,1.8333333333333333
0.04,coverage_median,329,0.27734375,0.772045690192632,0.15951251668804023,0.08159146252424307,51,132,0.03851928685207849,0.18943502295528944,20,12,161,0.009817241365197456,0.19029481030147086,0.0029236071360489425,2.0,4.0,2.5,2.0
0.04,coverage_min,22,1.60546875,0.4651163147574493,0.5200373003095604,0.4816632944630465,1,489,0.019187002923256945,0.5156966823192932,0,12,477,0.009817241365197456,0.5058794409540958,0.022189120719809604,4.0,4.0,3.0,3.0
0.04,coverage_blend_0.25,271,0.171630859375,0.9186658859590404,0.06548018420046609,-0.04304113345536769,227,14,0.06824249214278658,0.01309162189817277,0,14,217,0.01309162189817277,0.06006145767178871,0.0022666276247509925,2.25,3.75,1.75,1.625
0.04,coverage_blend_0.5,271,0.26513671875,0.9186658859590404,0.07734032422789952,-0.06205933977646431,227,14,0.06824249214278658,0.01309162189817277,0,14,217,0.01309162189817277,0.06006145767178871,0.002262079186624822,2.5,3.5,1.5,1.25
0.04,coverage_blend_0.75,261,0.3701171875,0.9165579685452149,0.09360981560229086,-0.08441449287858856,239,12,0.0729330911991252,0.010508940255659781,0,14,237,0.01309162189817277,0.0703504095566122,0.003814769248798549,2.75,3.25,1.25,0.875
0.04,witness_coverage_max,401,0.1796875,0.942749788126474,0.0688392157753275,-0.05491640227725171,98,13,0.04503433499665797,0.012215876876867787,31,14,86,0.01309162189817277,0.03515945205725532,0.002374053665022596,2.0,3.5,1.5,0.5
0.04,intersection_zero,363,0.234375,0.28037123563670996,0.7490380749962856,-0.7438727117112596,146,3,0.7161703376994711,0.003458426663817969,34,14,133,0.01309162189817277,0.7054197097387638,0.014560347653290062,2.5,2.5,1.0,0.5
0.04,correction_erased,2,1.953125,0.4796208711743715,0.6942304951527365,0.6942304951527365,0,510,0.0,0.5203791288256276,0,12,496,0.028186140841354616,0.5080368473921224,0.008820201361462963,3.0,5.0,4.0,4.0
0.04,rescore_native3,480,0.1328125,0.9809147102322748,0.03904025243761355,0.03904025243761355,0,32,0.0,0.019085289767724303,0,16,32,0.03240502937806718,0.019085289767724303,0.011831993139922585,4.0,5.0,3.0,1.0
0.04,rescore_original3,480,0.1328125,0.9809147102322748,0.03904025243761355,0.03904025243761355,0,32,0.0,0.019085289767724303,0,16,32,0.03240502937806718,0.019085289767724303,0.011831993139922585,4.0,5.0,3.0,1.0
0.04,rescore_transferred3,357,0.6328125,0.936905995582909,0.13138114972322254,0.13138114972322254,0,155,0.0,0.06309400441709012,0,14,154,0.0307688224838676,0.06227590096999034,0.04085402379516683,4.0,5.0,3.0,1.0
0.04,rescore_union6,480,0.1328125,0.9809147102322748,0.03904025243761355,0.03904025243761355,0,32,0.0,0.019085289767724303,0,16,32,0.03240502937806718,0.019085289767724303,0.011831993139922585,4.0,5.0,3.0,1.0
0.04,rescore_erased3,500,0.046875,0.9894910597443394,0.021017880511319562,0.021017880511319562,0,12,0.0,0.010508940255659781,0,16,12,0.03240502937806718,0.010508940255659781,0.006187068347287583,2.0,5.0,3.0,1.0
0.04,rescore_original3_xor,480,0.1328125,0.9809147102322748,0.03904025243761355,0.03904025243761355,0,32,0.0,0.019085289767724303,0,16,32,0.03240502937806718,0.019085289767724303,0.011831993139922585,4.0,5.0,3.0,1.0
0.04,rescore_union6_odd_xor,492,0.0859375,0.9898995591314399,0.021070554639283232,0.021070554639283232,0,20,0.0,0.010100440868559147,0,26,20,0.041162479591117,0.010100440868559147,0.00654222339370603,4.0,5.0,1.0,1.0
0.04,rescore_k1,477,0.16015625,0.979049520846607,0.048529083709516876,0.048529083709516876,0,35,0.0,0.020950479153391936,0,16,35,0.03240502937806718,0.020950479153391936,0.016874189991339075,4.0,5.0,3.0,1.0
0.04,rescore_k2,488,0.1015625,0.9852182172980042,0.035005512375639106,0.035005512375639106,0,24,0.0,0.014781782701995143,0,16,24,0.03240502937806718,0.014781782701995143,0.012429973893828,4.0,5.0,3.0,1.0
0.04,rescore_k3,493,0.08203125,0.9859941517782597,0.03345364341512815,0.03345364341512815,0,19,0.0,0.014005848221739666,0,16,19,0.03240502937806718,0.014005848221739666,0.011973147653925051,4.0,5.0,3.0,1.0
0.04,rescore_k5,498,0.0546875,0.989263661058224,0.02147267788355024,0.02147267788355024,0,14,0.0,0.01073633894177512,0,16,14,0.03240502937806718,0.01073633894177512,0.006320947804097823,2.0,5.0,3.0,1.0
0.04,rescore_k15,500,0.046875,0.9894910597443394,0.021017880511319562,0.021017880511319562,0,12,0.0,0.010508940255659781,0,16,12,0.03240502937806718,0.010508940255659781,0.006187068347287583,2.0,5.0,3.0,1.0
0.04,rescore_all_shortest,499,0.05078125,0.9893773604012818,0.0212452791974349,0.0212452791974349,0,13,0.0,0.01062263959871745,0,16,13,0.03240502937806718,0.01062263959871745,0.006254008075692705,2.0,5.0,3.0,1.0
0.04,rescore_union6_all_anchors,500,0.046875,0.9894910597443394,0.021017880511319562,0.021017880511319562,0,12,0.0,0.010508940255659781,0,16,12,0.03240502937806718,0.010508940255659781,0.006187068347287583,2.0,5.0,3.0,1.0
0.04,rescore_union6_face_polish,512,0.0,0.9999999999999993,0.0,0.0,0,0,0.0,0.0,0,28,0,0.042913969633726956,0.0,0.0,0.0,5.0,1.0,1.0
0.04,rescore_original3_all_anchors,500,0.046875,0.9894910597443394,0.021017880511319562,0.021017880511319562,0,12,0.0,0.010508940255659781,0,16,12,0.03240502937806718,0.010508940255659781,0.006187068347287583,2.0,5.0,3.0,1.0
0.04,rescore_original3_final_face_polish,512,0.0,0.9999999999999993,0.0,0.0,0,0,0.0,0.0,0,28,0,0.042913969633726956,0.0,0.0,0.0,5.0,1.0,1.0
0.04,rescore_original3_all_face_polish,512,0.0,0.9999999999999993,0.0,0.0,0,0,0.0,0.0,0,28,0,0.042913969633726956,0.0,0.0,0.0,5.0,1.0,1.0
0.04,rescore_original3_one_face,512,0.0,0.9999999999999993,0.0,0.0,0,0,0.0,0.0,0,28,0,0.042913969633726956,0.0,0.0,0.0,5.0,1.0,1.0
0.04,rescore_union6_one_face,512,0.0,0.9999999999999993,0.0,0.0,0,0,0.0,0.0,0,28,0,0.042913969633726956,0.0,0.0,0.0,5.0,1.0,1.0
0.04,rescore_erased3_face_polish,512,0.0,0.9999999999999993,0.0,0.0,0,0,0.0,0.0,0,28,0,0.042913969633726956,0.0,0.0,0.0,5.0,1.0,1.0
0.04,rescore_all_shortest_one_face,512,0.0,0.9999999999999993,0.0,0.0,0,0,0.0,0.0,0,28,0,0.042913969633726956,0.0,0.0,0.0,5.0,1.0,1.0
0.04,rescore_original3_two_faces,512,0.0,0.9999999999999993,0.0,0.0,0,0,0.0,0.0,0,28,0,0.042913969633726956,0.0,0.0,0.0,5.0,1.0,1.0
0.04,rescore_native3_two_faces,512,0.0,0.9999999999999993,0.0,0.0,0,0,0.0,0.0,0,28,0,0.042913969633726956,0.0,0.0,0.0,5.0,1.0,1.0
0.04,rescore_union6_two_faces,512,0.0,0.9999999999999993,0.0,0.0,0,0,0.0,0.0,0,28,0,0.042913969633726956,0.0,0.0,0.0,5.0,1.0,1.0
0.04,rescore_all_shortest_two_faces,512,0.0,0.9999999999999993,0.0,0.0,0,0,0.0,0.0,0,28,0,0.042913969633726956,0.0,0.0,0.0,5.0,1.0,1.0
0.04,rescore_original3_three_faces,512,0.0,0.9999999999999993,0.0,0.0,0,0,0.0,0.0,0,28,0,0.042913969633726956,0.0,0.0,0.0,5.0,1.0,1.0
0.04,rescore_union6_odd_xor_all_anchors,510,0.0078125,0.9982485099573893,0.003502980085219927,0.003502980085219927,0,2,0.0,0.0017514900426099636,0,26,2,0.041162479591117,0.0017514900426099636,0.0010311780578812638,2.0,5.0,1.0,1.0
