p,swim_over_w,center,syndromes,error_configurations,probability,conditional_center_state_probability,min_error_weight,example_qids
0.02,1,False,471,241152,0.04384786496261276,0.9143911495726526,2,"[1, 11]"
0.02,1,True,471,241152,0.00410520739936862,0.08560885042734716,2,"[11, 20]"
0.02,2,False,15,7680,0.0038481808036188157,0.8707350258912777,2,"[15, 17]"
0.02,2,True,15,7680,0.0005712817070110375,0.12926497410872248,2,"[20, 33]"
0.02,3,False,24,12288,0.2510700891202967,0.9943729491550588,1,[11]
0.02,3,True,24,12288,0.0014207789525290857,0.005627050844941018,2,"[12, 20]"
0.02,4,False,1,512,9.051093756108049e-08,6.510257172519096e-06,5,"[1, 5, 11, 15, 21]"
0.02,4,True,1,512,0.013902730093929257,0.9999934897428274,1,[20]
0.02,5,False,1,512,0.6812337746025341,0.9999999972885056,0,[]
0.02,5,True,1,512,1.8471619910424594e-09,2.7114950181552827e-09,6,"[1, 5, 11, 15, 20, 21]"
0.04,1,False,471,241152,0.13963940157187918,0.9021945755182696,2,"[1, 11]"
0.04,1,True,471,241152,0.015138076991060198,0.0978054244817303,2,"[11, 20]"
0.04,2,False,15,7680,0.011373572552342876,0.8734864249571498,2,"[15, 17]"
0.04,2,True,15,7680,0.0016473196188214615,0.12651357504285032,2,"[20, 33]"
0.04,3,False,24,12288,0.3485509895483806,0.9885706509766554,1,[11]
0.04,3,True,24,12288,0.0040297685431434525,0.011429349023344582,2,"[12, 20]"
0.04,4,False,1,512,2.2623404682641974e-06,0.0001179100496994229,5,"[1, 5, 11, 15, 21]"
0.04,4,True,1,512,0.01918474058278867,0.9998820899503006,1,[20]
0.04,5,False,1,512,0.46043377398692853,0.999999795270955,0,[]
0.04,5,True,1,512,9.42641861776749e-08,2.047290450976652e-07,6,"[1, 5, 11, 15, 20, 21]"
