d,shots,mode,M,soft,route,traced_current_bytes,traced_peak_bytes,returned_bytes,metrics_bytes,process_peak_rss_kib,checksum
9,10,ordinary,1,none,legacy,43794,605724,39630,10,265700,af9a31e3204027de32a39685f30d0d751f577ce783908d10f324cf5863461795
9,10,ordinary,1,none,compact,4080,528320,20,10,266136,af9a31e3204027de32a39685f30d0d751f577ce783908d10f324cf5863461795
9,10,correlated,1,none,legacy,170816,1045350,160080,50,307856,c24b76ecfd80951e98bfd1a2f0a5e017a3aea4409a732d0707c05c6e12471870
9,10,correlated,1,none,compact,7772,691392,60,50,306064,c24b76ecfd80951e98bfd1a2f0a5e017a3aea4409a732d0707c05c6e12471870
9,1,native,12,none,legacy,369260,473266,346316,4,267800,05af738ec5bbe7d75dc54ff5185e23c80e8cb2f9c050e306bfc41b43b52cbab8
9,1,native,12,none,compact,8171,131807,5,4,267152,05af738ec5bbe7d75dc54ff5185e23c80e8cb2f9c050e306bfc41b43b52cbab8
9,10,native,12,none,legacy,3490670,4201936,3463160,40,270152,40f8132599c304741f7540921ef2d3296176a81ccca029e85595f4d1759e0f37
9,10,native,12,none,compact,13082,858108,50,40,267424,40f8132599c304741f7540921ef2d3296176a81ccca029e85595f4d1759e0f37
9,10,native,12,comparative,legacy,6934740,8118032,6896562,120,274912,2f60ed3bcc82329b7d77ee8b3d86a6b887950fce91dd830fe3262618ad9bbfa4
9,10,native,12,comparative,compact,13066,1368698,130,120,268640,2f60ed3bcc82329b7d77ee8b3d86a6b887950fce91dd830fe3262618ad9bbfa4
13,10,ordinary,1,none,legacy,132154,1951164,127990,10,359636,ab6bd51d0644d38c10c8b9f3d6f263d2e6858b0910346dfc80203f61f6473268
13,10,ordinary,1,none,compact,4080,1697040,20,10,358892,ab6bd51d0644d38c10c8b9f3d6f263d2e6858b0910346dfc80203f61f6473268
13,10,correlated,1,none,legacy,1682502,3868728,1663810,50,549856,8aec79ee66c4c4f09596f3681f24a9217bc42a42314e3eea478860583ea2d9db
13,10,correlated,1,none,compact,14564,2213552,60,50,543800,8aec79ee66c4c4f09596f3681f24a9217bc42a42314e3eea478860583ea2d9db
13,1,native,12,none,legacy,1144368,1474652,1121424,4,364560,05af738ec5bbe7d75dc54ff5185e23c80e8cb2f9c050e306bfc41b43b52cbab8
13,1,native,12,none,compact,8120,393429,5,4,363312,05af738ec5bbe7d75dc54ff5185e23c80e8cb2f9c050e306bfc41b43b52cbab8
13,10,native,12,none,legacy,11241750,13546666,11214240,40,376012,28488f25bf86b06ef106a43b494f91c52a556facc3681c065fa582a63a05a9b3
13,10,native,12,none,compact,13082,2777888,50,40,366444,28488f25bf86b06ef106a43b494f91c52a556facc3681c065fa582a63a05a9b3
13,10,native,12,comparative,legacy,22352380,26168718,22314202,120,389396,f91ce254a22cbaa9368b9f40775f604d340269f692de6700102550f8ff1cd790
13,10,native,12,comparative,compact,13066,4416878,130,120,369304,f91ce254a22cbaa9368b9f40775f604d340269f692de6700102550f8ff1cd790
17,10,ordinary,1,none,legacy,300834,4519564,296670,10,538092,a8eed4617539dcac7511a8a0c9e62bb9b3d530589252f9c6b5048119eb3906aa
17,10,ordinary,1,none,compact,4080,3928080,20,10,537380,a8eed4617539dcac7511a8a0c9e62bb9b3d530589252f9c6b5048119eb3906aa
17,10,correlated,1,none,legacy,7004773,12266179,3856650,50,1051000,8f5c59e3176973413e33943b809b915d3358d003a27b26a18962bbd129d310e1
17,10,correlated,1,none,compact,3148618,6356935,60,50,1040416,8f5c59e3176973413e33943b809b915d3358d003a27b26a18962bbd129d310e1
17,1,native,12,none,legacy,2623988,3390110,2601044,4,549384,ef3e0d4c024b3b46f5ccf49782ec1bd6b8323392b9cf0fa4b5dc2f32a5e6c686
17,1,native,12,none,compact,8171,896739,5,4,547472,ef3e0d4c024b3b46f5ccf49782ec1bd6b8323392b9cf0fa4b5dc2f32a5e6c686
17,10,native,12,none,legacy,26038002,31384452,26010440,40,577716,e535bc96776f7bc72fcc8b94bd5cc48e6c58c150b41a0ee3c504f64ebc3b1082
17,10,native,12,none,compact,13082,6442068,50,40,554888,e535bc96776f7bc72fcc8b94bd5cc48e6c58c150b41a0ee3c504f64ebc3b1082
17,10,native,12,comparative,legacy,51779940,60617876,51741762,120,607624,48e7b441fcf3f0b9a1caccf55b5a65a4af7fd36f8c02376e3206540d50ba758a
17,10,native,12,comparative,compact,13066,10230578,130,120,560864,48e7b441fcf3f0b9a1caccf55b5a65a4af7fd36f8c02376e3206540d50ba758a
9,10,native,12,swim,legacy,3607776,6990573,3463240,120,298040,cfafdb740559a74061fd10e0e2e0fdfaeedfa1e75ba3df48b771714d58d86248
9,10,native,12,swim,compact,140165,2073527,130,120,292868,cfafdb740559a74061fd10e0e2e0fdfaeedfa1e75ba3df48b771714d58d86248
