d,shots,mode,M,soft,route,setup_ms,first_decode_ms
9,10,ordinary,1,none,legacy,49.17167099938524,1030.0309360000028
9,10,ordinary,1,none,compact,51.183753999794135,948.1674090002343
9,10,correlated,1,none,legacy,99.87476800051809,2048.860211999454
9,10,correlated,1,none,compact,105.41093200026808,2245.1847970005474
9,1,native,12,none,legacy,52.41185600061726,1013.6028859997168
9,1,native,12,none,compact,55.96534200049064,999.1841500004739
9,10,native,12,none,legacy,49.38786999991862,1100.046186000327
9,10,native,12,none,compact,49.04042999987723,991.5637710000738
9,10,native,12,comparative,legacy,50.48109499966813,1150.2236280002762
9,10,native,12,comparative,compact,53.449627999725635,1156.562961000418
13,10,ordinary,1,none,legacy,109.94460999972944,3286.516207999739
13,10,ordinary,1,none,compact,107.85269200005132,3341.6112289996818
13,10,correlated,1,none,legacy,215.59025300030044,6756.6972970007555
13,10,correlated,1,none,compact,221.28631099985796,7107.053222999639
13,1,native,12,none,legacy,113.79743099951156,3247.8817230003187
13,1,native,12,none,compact,107.1596990004764,3027.5180779999573
13,10,native,12,none,legacy,107.0231479998256,3237.4820140003067
13,10,native,12,none,compact,108.20238500036794,3754.8527649996686
13,10,native,12,comparative,legacy,115.93685200023174,3794.367059999786
13,10,native,12,comparative,compact,115.87751600018237,3862.6558169999043
17,10,ordinary,1,none,legacy,189.08193800052686,8144.257805000052
17,10,ordinary,1,none,compact,188.38746400069795,8069.27302799977
17,10,correlated,1,none,legacy,429.1385199994693,16433.914161000757
17,10,correlated,1,none,compact,359.60264499954064,15811.889427000096
17,1,native,12,none,legacy,184.60712900014187,7254.163583000263
17,1,native,12,none,compact,195.08196900005714,7469.758523000564
17,10,native,12,none,legacy,189.14037099966663,7723.192974000085
17,10,native,12,none,compact,192.58619799984444,7573.843217000103
17,10,native,12,comparative,legacy,184.65628499961895,8389.849295999738
17,10,native,12,comparative,compact,193.60055400011333,8943.027120999432
9,10,native,12,swim,legacy,1293.7382729996898,3437.4209690004136
9,10,native,12,swim,compact,1325.797135999892,3906.7775869998513
