d,shots,mode,M,soft,legacy_ms_per_shot,compact_ms_per_shot,speedup,time_reduction_percent,legacy_traced_peak_bytes,compact_traced_peak_bytes,memory_reduction_percent,legacy_peak_rss_mib,compact_peak_rss_mib,legacy_returned_bytes,compact_returned_bytes,legacy_range_ms,compact_range_ms
9,10,ordinary,1,none,0.4752672666654689,0.4262658666751425,1.1149550170942268,10.31028295597255,605724,528320,12.778757321816537,259.47265625,259.8984375,39630,20,"[4.165989000284753, 5.611870999928215]","[3.397180999854754, 4.881318000116153]"
9,10,correlated,1,none,1.0763342999780434,0.8742862000265935,1.2311006395220514,18.771872266411236,1045350,691392,33.86023819773282,300.640625,298.890625,160080,60,"[8.732336999855761, 13.346354999157484]","[6.839344000582059, 9.83745000030467]"
9,1,native,12,none,10.27234866675523,6.220412666455862,1.6513934392407437,39.445078547740444,473266,131807,72.14948887095207,261.5234375,260.890625,346316,5,"[9.316801000750274, 10.855212999558717]","[5.901550999624305, 6.529931999466498]"
9,10,native,12,none,3.881943866660246,5.2172024666409325,0.7440661717618973,-34.39664883999083,4201936,858108,79.57827058765294,263.8203125,261.15625,3463160,50,"[34.404775999973936, 41.09903500011569]","[40.43906300012168, 61.02695599929575]"
9,10,native,12,comparative,14.258703399991646,13.477786966632266,1.0579409984215316,5.476770302689915,8118032,1368698,83.14002704103655,268.46875,262.34375,6896562,130,"[134.60601499991753, 148.4105979998276]","[130.7585240001572, 137.4967759993524]"
13,10,ordinary,1,none,1.1474678000316394,1.1791843333109377,0.9731029895976957,-2.7640456035824323,1951164,1697040,13.024225539216594,351.20703125,350.48046875,127990,20,"[10.728250000283879, 12.559415000396257]","[11.240634999921895, 12.783846999809612]"
13,10,correlated,1,none,3.226036900014151,2.766419733355481,1.1661415153734407,14.24711436675301,3868728,2213552,42.783467847830096,536.96875,531.0546875,1663810,60,"[27.42436800053838, 36.431134999475034]","[21.95776900043711, 30.713333000676357]"
13,1,native,12,none,22.077445333403983,16.571915333467285,1.3322205001143217,24.93735084288321,1474652,393429,73.32055291689159,356.015625,354.796875,1121424,5,"[15.542301999630581, 28.66678900045372]","[11.57212799989793, 26.210572000309185]"
13,10,native,12,none,11.237661833365564,12.997040300009152,0.8646323758307998,-15.656090143412627,13546666,2777888,79.49393599871732,367.19921875,357.85546875,11214240,50,"[104.29910500079131, 120.0772580004923]","[115.40502699972421, 151.5065740004502]"
13,10,native,12,comparative,46.30739050001769,43.760949000018925,1.058189814393597,5.498995889215119,26168718,4416878,83.12153465064662,380.26953125,360.6484375,22314202,130,"[443.0412450001313, 487.6954270002898]","[426.579808000497, 444.5375850000346]"
17,10,ordinary,1,none,2.008045500012183,2.4530753666719347,0.81858288061344,-22.162339780500595,4519564,3928080,13.087191596357528,525.48046875,524.78515625,296670,20,"[16.940421000072092, 22.80420100032643]","[17.549473000144644, 28.44186600032117]"
17,10,correlated,1,none,76.713853199999,80.73257843334432,0.9502217653476369,-5.238591291807748,12266179,6356935,48.17510000465508,1026.3671875,1016.03125,3856650,60,"[717.0036930001515, 820.7370609998179]","[742.0620630000485, 877.301301999978]"
17,1,native,12,none,24.479901000328635,26.29681666682397,0.9309073912057366,-7.4220711369336945,3390110,896739,73.54838043603304,536.5078125,534.640625,2601044,5,"[24.411938000412192, 24.605249000160256]","[25.115496000580606, 27.549249999538006]"
17,10,native,12,none,24.736695766690296,24.04163293334326,1.028910799664654,2.8098450977554923,31384452,6442068,79.47369608365314,564.17578125,541.8828125,26010440,50,"[245.59321100059606, 250.03378099972906]","[213.68278000045393, 262.8562170002624]"
17,10,native,12,comparative,116.08806279997832,115.30081750000438,1.0068277512427344,0.6781449194568578,60617876,10230578,83.12283657051923,593.3828125,547.71875,51741762,130,"[1142.7055559997825, 1180.483338999693]","[1144.30868799991, 1167.7166110002872]"
9,10,native,12,swim,349.78193389997614,382.26362453330387,0.9150280368084098,-9.286268810731734,6990573,2073527,70.33823979808236,291.0546875,286.00390625,3463240,130,"[3427.2777359992688, 3619.435018999866]","[3503.900316999534, 4376.5360749994215]"
