d,shots,mode,M,soft,route,rep,total_ms,decoder_ms,baseline_ms,checksum,returned_bytes
9,10,ordinary,1,none,legacy,0,5.611870999928215,5.580134000410908,0.0,af9a31e3204027de32a39685f30d0d751f577ce783908d10f324cf5863461795,39630
9,10,ordinary,1,none,legacy,1,4.165989000284753,4.143877999922552,0.0,af9a31e3204027de32a39685f30d0d751f577ce783908d10f324cf5863461795,39630
9,10,ordinary,1,none,legacy,2,4.4801579997511,4.458020000129181,0.0,af9a31e3204027de32a39685f30d0d751f577ce783908d10f324cf5863461795,39630
9,10,ordinary,1,none,compact,0,4.509477000283368,4.500067999288149,0.0,af9a31e3204027de32a39685f30d0d751f577ce783908d10f324cf5863461795,20
9,10,ordinary,1,none,compact,1,4.881318000116153,4.873292999945988,0.0,af9a31e3204027de32a39685f30d0d751f577ce783908d10f324cf5863461795,20
9,10,ordinary,1,none,compact,2,3.397180999854754,3.389835999769275,0.0,af9a31e3204027de32a39685f30d0d751f577ce783908d10f324cf5863461795,20
9,10,correlated,1,none,legacy,0,13.346354999157484,8.172691000254417,4.770032000124047,c24b76ecfd80951e98bfd1a2f0a5e017a3aea4409a732d0707c05c6e12471870,160080
9,10,correlated,1,none,legacy,1,10.211337000328058,5.382176000239269,4.432055000506807,c24b76ecfd80951e98bfd1a2f0a5e017a3aea4409a732d0707c05c6e12471870,160080
9,10,correlated,1,none,legacy,2,8.732336999855761,4.81436100017163,3.6664240005848114,c24b76ecfd80951e98bfd1a2f0a5e017a3aea4409a732d0707c05c6e12471870,160080
9,10,correlated,1,none,compact,0,9.551791999911075,4.783572000633285,4.757413000334054,c24b76ecfd80951e98bfd1a2f0a5e017a3aea4409a732d0707c05c6e12471870,60
9,10,correlated,1,none,compact,1,9.83745000030467,4.829310000786791,4.996900000151072,c24b76ecfd80951e98bfd1a2f0a5e017a3aea4409a732d0707c05c6e12471870,60
9,10,correlated,1,none,compact,2,6.839344000582059,3.427927999837266,3.404363999834459,c24b76ecfd80951e98bfd1a2f0a5e017a3aea4409a732d0707c05c6e12471870,60
9,1,native,12,none,legacy,0,9.316801000750274,9.109159000217915,0.0,05af738ec5bbe7d75dc54ff5185e23c80e8cb2f9c050e306bfc41b43b52cbab8,346316
9,1,native,12,none,legacy,1,10.855212999558717,10.634927999490174,0.0,05af738ec5bbe7d75dc54ff5185e23c80e8cb2f9c050e306bfc41b43b52cbab8,346316
9,1,native,12,none,legacy,2,10.6450319999567,10.417645999950764,0.0,05af738ec5bbe7d75dc54ff5185e23c80e8cb2f9c050e306bfc41b43b52cbab8,346316
9,1,native,12,none,compact,0,6.229755000276782,6.224197000847198,0.0,05af738ec5bbe7d75dc54ff5185e23c80e8cb2f9c050e306bfc41b43b52cbab8,5
9,1,native,12,none,compact,1,6.529931999466498,6.524554999487009,0.0,05af738ec5bbe7d75dc54ff5185e23c80e8cb2f9c050e306bfc41b43b52cbab8,5
9,1,native,12,none,compact,2,5.901550999624305,5.896290999771736,0.0,05af738ec5bbe7d75dc54ff5185e23c80e8cb2f9c050e306bfc41b43b52cbab8,5
9,10,native,12,none,legacy,0,41.09903500011569,40.94208799961052,0.0,40f8132599c304741f7540921ef2d3296176a81ccca029e85595f4d1759e0f37,3463160
9,10,native,12,none,legacy,1,40.954504999717756,40.77586700077518,0.0,40f8132599c304741f7540921ef2d3296176a81ccca029e85595f4d1759e0f37,3463160
9,10,native,12,none,legacy,2,34.404775999973936,34.24123300010251,0.0,40f8132599c304741f7540921ef2d3296176a81ccca029e85595f4d1759e0f37,3463160
9,10,native,12,none,compact,0,55.05005499981053,55.03857499934384,0.0,40f8132599c304741f7540921ef2d3296176a81ccca029e85595f4d1759e0f37,50
9,10,native,12,none,compact,1,40.43906300012168,40.43173599984584,0.0,40f8132599c304741f7540921ef2d3296176a81ccca029e85595f4d1759e0f37,50
9,10,native,12,none,compact,2,61.02695599929575,61.017940000056115,0.0,40f8132599c304741f7540921ef2d3296176a81ccca029e85595f4d1759e0f37,50
9,10,native,12,comparative,legacy,0,134.60601499991753,134.40900000023248,0.0,064db83392511f274f1fef48b0cfb5d889f6956cf4e830bc23e1689321eade58,6896562
9,10,native,12,comparative,legacy,1,144.74448900000425,144.57368600051268,0.0,2eb37129c025534a88beddc440dc6cea69530c11c298456049251a3140ac5af2,6896562
9,10,native,12,comparative,legacy,2,148.4105979998276,148.24450199921557,0.0,88dad498143e33a865111aed70919dd2907bee51c26c67b7059934b4a30f77e2,6896562
9,10,native,12,comparative,compact,0,130.7585240001572,130.75069500064274,0.0,064db83392511f274f1fef48b0cfb5d889f6956cf4e830bc23e1689321eade58,130
9,10,native,12,comparative,compact,1,136.0783089994584,136.06881499981682,0.0,2eb37129c025534a88beddc440dc6cea69530c11c298456049251a3140ac5af2,130
9,10,native,12,comparative,compact,2,137.4967759993524,137.48939900051482,0.0,88dad498143e33a865111aed70919dd2907bee51c26c67b7059934b4a30f77e2,130
13,10,ordinary,1,none,legacy,0,11.136369000269042,11.104958999567316,0.0,ab6bd51d0644d38c10c8b9f3d6f263d2e6858b0910346dfc80203f61f6473268,127990
13,10,ordinary,1,none,legacy,1,12.559415000396257,12.532775000181573,0.0,ab6bd51d0644d38c10c8b9f3d6f263d2e6858b0910346dfc80203f61f6473268,127990
13,10,ordinary,1,none,legacy,2,10.728250000283879,10.70558700030233,0.0,ab6bd51d0644d38c10c8b9f3d6f263d2e6858b0910346dfc80203f61f6473268,127990
13,10,ordinary,1,none,compact,0,12.783846999809612,12.771340000654163,0.0,ab6bd51d0644d38c10c8b9f3d6f263d2e6858b0910346dfc80203f61f6473268,20
13,10,ordinary,1,none,compact,1,11.35104799959663,11.342896999849472,0.0,ab6bd51d0644d38c10c8b9f3d6f263d2e6858b0910346dfc80203f61f6473268,20
13,10,ordinary,1,none,compact,2,11.240634999921895,11.232429000301636,0.0,ab6bd51d0644d38c10c8b9f3d6f263d2e6858b0910346dfc80203f61f6473268,20
13,10,correlated,1,none,legacy,0,36.431134999475034,26.110472999789636,9.977757999877213,8aec79ee66c4c4f09596f3681f24a9217bc42a42314e3eea478860583ea2d9db,1663810
13,10,correlated,1,none,legacy,1,32.92560400041111,23.04017699952965,9.534153999993578,8aec79ee66c4c4f09596f3681f24a9217bc42a42314e3eea478860583ea2d9db,1663810
13,10,correlated,1,none,legacy,2,27.42436800053838,20.86955799950374,6.360069000038493,8aec79ee66c4c4f09596f3681f24a9217bc42a42314e3eea478860583ea2d9db,1663810
13,10,correlated,1,none,compact,0,30.713333000676357,18.159773000661517,12.542247999590472,8aec79ee66c4c4f09596f3681f24a9217bc42a42314e3eea478860583ea2d9db,60
13,10,correlated,1,none,compact,1,21.95776900043711,13.299080999786383,8.650228000078641,8aec79ee66c4c4f09596f3681f24a9217bc42a42314e3eea478860583ea2d9db,60
13,10,correlated,1,none,compact,2,30.321489999550977,17.51330300066911,12.795376000212855,8aec79ee66c4c4f09596f3681f24a9217bc42a42314e3eea478860583ea2d9db,60
13,1,native,12,none,legacy,0,28.66678900045372,28.447600000617967,0.0,05af738ec5bbe7d75dc54ff5185e23c80e8cb2f9c050e306bfc41b43b52cbab8,1121424
13,1,native,12,none,legacy,1,22.023245000127645,21.835815000486036,0.0,05af738ec5bbe7d75dc54ff5185e23c80e8cb2f9c050e306bfc41b43b52cbab8,1121424
13,1,native,12,none,legacy,2,15.542301999630581,15.137067000068782,0.0,05af738ec5bbe7d75dc54ff5185e23c80e8cb2f9c050e306bfc41b43b52cbab8,1121424
13,1,native,12,none,compact,0,26.210572000309185,26.200019000498287,0.0,05af738ec5bbe7d75dc54ff5185e23c80e8cb2f9c050e306bfc41b43b52cbab8,5
13,1,native,12,none,compact,1,11.57212799989793,11.56626200008759,0.0,05af738ec5bbe7d75dc54ff5185e23c80e8cb2f9c050e306bfc41b43b52cbab8,5
13,1,native,12,none,compact,2,11.933046000194736,11.927939000088372,0.0,05af738ec5bbe7d75dc54ff5185e23c80e8cb2f9c050e306bfc41b43b52cbab8,5
13,10,native,12,none,legacy,0,104.29910500079131,104.11690199998702,0.0,28488f25bf86b06ef106a43b494f91c52a556facc3681c065fa582a63a05a9b3,11214240
13,10,native,12,none,legacy,1,120.0772580004923,119.92514499979734,0.0,28488f25bf86b06ef106a43b494f91c52a556facc3681c065fa582a63a05a9b3,11214240
13,10,native,12,none,legacy,2,112.75349199968332,112.59911300021486,0.0,28488f25bf86b06ef106a43b494f91c52a556facc3681c065fa582a63a05a9b3,11214240
13,10,native,12,none,compact,0,122.99960800010012,122.92377999983728,0.0,28488f25bf86b06ef106a43b494f91c52a556facc3681c065fa582a63a05a9b3,50
13,10,native,12,none,compact,1,151.5065740004502,151.49749100055487,0.0,28488f25bf86b06ef106a43b494f91c52a556facc3681c065fa582a63a05a9b3,50
13,10,native,12,none,compact,2,115.40502699972421,115.39680399982899,0.0,28488f25bf86b06ef106a43b494f91c52a556facc3681c065fa582a63a05a9b3,50
13,10,native,12,comparative,legacy,0,487.6954270002898,487.52575799971964,0.0,77fbaf876347a9200b77344cd9fefdeea47aa6759cc71bfa73dcc055ffa1bd1a,22314202
13,10,native,12,comparative,legacy,1,443.0412450001313,442.8705919999629,0.0,867123fc2b90bcb7afba4f55d377125e081e12e97ca46f62ca26606175bc0ed0,22314202
13,10,native,12,comparative,legacy,2,458.4850430001097,458.3235310001328,0.0,f91ce254a22cbaa9368b9f40775f604d340269f692de6700102550f8ff1cd790,22314202
13,10,native,12,comparative,compact,0,426.579808000497,426.56804800026293,0.0,77fbaf876347a9200b77344cd9fefdeea47aa6759cc71bfa73dcc055ffa1bd1a,130
13,10,native,12,comparative,compact,1,441.7110770000363,441.7030469994643,0.0,867123fc2b90bcb7afba4f55d377125e081e12e97ca46f62ca26606175bc0ed0,130
13,10,native,12,comparative,compact,2,444.5375850000346,444.53081199935696,0.0,f91ce254a22cbaa9368b9f40775f604d340269f692de6700102550f8ff1cd790,130
17,10,ordinary,1,none,legacy,0,20.496742999966955,20.477084000049217,0.0,a8eed4617539dcac7511a8a0c9e62bb9b3d530589252f9c6b5048119eb3906aa,296670
17,10,ordinary,1,none,legacy,1,22.80420100032643,22.783522000281664,0.0,a8eed4617539dcac7511a8a0c9e62bb9b3d530589252f9c6b5048119eb3906aa,296670
17,10,ordinary,1,none,legacy,2,16.940421000072092,16.92146299956221,0.0,a8eed4617539dcac7511a8a0c9e62bb9b3d530589252f9c6b5048119eb3906aa,296670
17,10,ordinary,1,none,compact,0,17.549473000144644,17.54090700069355,0.0,a8eed4617539dcac7511a8a0c9e62bb9b3d530589252f9c6b5048119eb3906aa,20
17,10,ordinary,1,none,compact,1,28.44186600032117,28.42287900057272,0.0,a8eed4617539dcac7511a8a0c9e62bb9b3d530589252f9c6b5048119eb3906aa,20
17,10,ordinary,1,none,compact,2,27.60092199969222,27.593247000368137,0.0,a8eed4617539dcac7511a8a0c9e62bb9b3d530589252f9c6b5048119eb3906aa,20
17,10,correlated,1,none,legacy,0,717.0036930001515,705.5773390002287,11.217021000447858,8f5c59e3176973413e33943b809b915d3358d003a27b26a18962bbd129d310e1,3856650
17,10,correlated,1,none,legacy,1,763.6748420000004,752.295229000083,11.196794999705162,8f5c59e3176973413e33943b809b915d3358d003a27b26a18962bbd129d310e1,3856650
17,10,correlated,1,none,legacy,2,820.7370609998179,809.4881619999796,11.06530700053554,8f5c59e3176973413e33943b809b915d3358d003a27b26a18962bbd129d310e1,3856650
17,10,correlated,1,none,compact,0,742.0620630000485,713.9173040004607,28.134608999607735,8f5c59e3176973413e33943b809b915d3358d003a27b26a18962bbd129d310e1,60
17,10,correlated,1,none,compact,1,802.6139880003029,789.2975679997107,13.30976000008377,8f5c59e3176973413e33943b809b915d3358d003a27b26a18962bbd129d310e1,60
17,10,correlated,1,none,compact,2,877.301301999978,855.6861629995183,21.606932000395318,8f5c59e3176973413e33943b809b915d3358d003a27b26a18962bbd129d310e1,60
17,1,native,12,none,legacy,0,24.422516000413452,24.28693099955126,0.0,ef3e0d4c024b3b46f5ccf49782ec1bd6b8323392b9cf0fa4b5dc2f32a5e6c686,2601044
17,1,native,12,none,legacy,1,24.411938000412192,24.256376000266755,0.0,ef3e0d4c024b3b46f5ccf49782ec1bd6b8323392b9cf0fa4b5dc2f32a5e6c686,2601044
17,1,native,12,none,legacy,2,24.605249000160256,24.46012200016412,0.0,ef3e0d4c024b3b46f5ccf49782ec1bd6b8323392b9cf0fa4b5dc2f32a5e6c686,2601044
17,1,native,12,none,compact,0,25.115496000580606,25.108798000474053,0.0,ef3e0d4c024b3b46f5ccf49782ec1bd6b8323392b9cf0fa4b5dc2f32a5e6c686,5
17,1,native,12,none,compact,1,27.549249999538006,27.543999999579682,0.0,ef3e0d4c024b3b46f5ccf49782ec1bd6b8323392b9cf0fa4b5dc2f32a5e6c686,5
17,1,native,12,none,compact,2,26.22570400035329,26.218568999865965,0.0,ef3e0d4c024b3b46f5ccf49782ec1bd6b8323392b9cf0fa4b5dc2f32a5e6c686,5
17,10,native,12,none,legacy,0,246.4738810003837,246.29969300076482,0.0,e535bc96776f7bc72fcc8b94bd5cc48e6c58c150b41a0ee3c504f64ebc3b1082,26010440
17,10,native,12,none,legacy,1,245.59321100059606,245.4602210000303,0.0,81de663406c6df90e7f651511d5ee2d14228b6f91d90176936ffc47e35973cc4,26010440
17,10,native,12,none,legacy,2,250.03378099972906,249.8800220000703,0.0,e535bc96776f7bc72fcc8b94bd5cc48e6c58c150b41a0ee3c504f64ebc3b1082,26010440
17,10,native,12,none,compact,0,244.70999099958135,244.70129499968607,0.0,e535bc96776f7bc72fcc8b94bd5cc48e6c58c150b41a0ee3c504f64ebc3b1082,50
17,10,native,12,none,compact,1,262.8562170002624,262.8485240002192,0.0,81de663406c6df90e7f651511d5ee2d14228b6f91d90176936ffc47e35973cc4,50
17,10,native,12,none,compact,2,213.68278000045393,213.6776280003687,0.0,e535bc96776f7bc72fcc8b94bd5cc48e6c58c150b41a0ee3c504f64ebc3b1082,50
17,10,native,12,comparative,legacy,0,1142.7055559997825,1142.5476809999964,0.0,f6dfaecf85e9094430d7d133dfd445b703b739923032c558423e1625df234fa7,51741762
17,10,native,12,comparative,legacy,1,1159.452988999874,1159.3012869998347,0.0,881b815083a447c928c072fd07a5e535ae00b1ab13130078843bed417d7c58ac,51741762
17,10,native,12,comparative,legacy,2,1180.483338999693,1180.3128159999687,0.0,c72638a2d91847f1f4672120b34789b468ac43f49a48203ca830a79d72ab438a,51741762
17,10,native,12,comparative,compact,0,1167.7166110002872,1167.7100340002653,0.0,f6dfaecf85e9094430d7d133dfd445b703b739923032c558423e1625df234fa7,130
17,10,native,12,comparative,compact,1,1146.9992259999344,1146.9920429999547,0.0,881b815083a447c928c072fd07a5e535ae00b1ab13130078843bed417d7c58ac,130
17,10,native,12,comparative,compact,2,1144.30868799991,1144.3032289998882,0.0,c72638a2d91847f1f4672120b34789b468ac43f49a48203ca830a79d72ab438a,130
9,10,native,12,swim,legacy,0,3446.7452620001495,32.04875799929141,0.0,e154821421c2f15f28ccb6d1e06c803991cc0f69990167f35d7d0cb102e79f07,3463240
9,10,native,12,swim,legacy,1,3427.2777359992688,37.012331999903836,0.0,797a51c19788b9b35b2114f4ce4ef9a32d4103987716598f2c5db4d61a3f6018,3463240
9,10,native,12,swim,legacy,2,3619.435018999866,39.22226299982867,0.0,2f38eec1508b32a5cecdad68131565c4c6f984dd2c06e05496ac31dc03acbd24,3463240
9,10,native,12,swim,compact,0,4376.5360749994215,4376.527700999759,0.0,e154821421c2f15f28ccb6d1e06c803991cc0f69990167f35d7d0cb102e79f07,130
9,10,native,12,swim,compact,1,3503.900316999534,3503.895464999914,0.0,797a51c19788b9b35b2114f4ce4ef9a32d4103987716598f2c5db4d61a3f6018,130
9,10,native,12,swim,compact,2,3587.4723440001617,3587.467475000267,0.0,2f38eec1508b32a5cecdad68131565c4c6f984dd2c06e05496ac31dc03acbd24,130
