distance,M,full_output,batch_size,native,original_dem,reference,same_spec_speedup,original_dem_ratio,same_spec_time_reduction_percent,original_dem_time_reduction_percent
9,1,False,1,2.019514667,2.099767667,1.927679667,0.9545262029,1.039738756,-4.764017689,3.821994274
9,1,False,10,0.3252817334,0.4009608667,0.3789473332,1.164981904,1.232657188,14.16175684,18.87444377
9,1,True,1,1.551621999,2.179301334,1.499132999,0.9661715292,1.404531088,-3.501290385,28.80186075
9,1,True,10,0.3303956334,0.3050030666,0.3916139334,1.18528786,0.9231449687,15.63230896,-8.325348014
9,12,False,1,11.01627033,102.7676517,59.78831866,5.4272741,9.328715486,81.57454402,89.28041056
9,12,False,10,5.986733067,92.35724633,44.54112503,7.439971774,15.42698585,86.55908879,93.51785236
9,12,True,1,7.670422001,95.06820433,53.91309433,7.028699898,12.3941296,85.77261777,91.93166416
9,12,True,10,3.499137733,86.02427587,40.62573527,11.61021325,24.5844212,91.38689377,95.93238339
13,1,False,1,1.707408,2.935986668,2.781081,1.628832125,1.719557755,38.60631891,41.84551249
13,1,False,10,0.6548516335,0.7519945334,0.6630029001,1.012447501,1.148343373,1.229446597,12.91803272
13,1,True,1,2.772685665,3.038173001,2.718423333,0.9804296848,1.095750968,-1.996095739,8.738387678
13,1,True,10,0.7159843333,0.7289233666,0.6995106333,0.9769915357,1.018071671,-2.355032101,1.775088291
13,12,False,1,22.08631867,248.257466,126.774565,5.739959063,11.24032799,82.57827296,91.10346246
13,12,False,10,13.33672437,304.7672049,119.9995104,8.997674924,22.85172855,88.88601768,95.62396342
13,12,True,1,17.514798,226.0521933,137.743896,7.86442961,12.90635458,87.28451967,92.25187876
13,12,True,10,10.1708161,281.8892423,119.7496387,11.7738476,27.71549889,91.50659976,96.39191052
17,1,False,1,4.465679999,4.445167,4.322193,0.9678689474,0.9954065228,-3.319773068,-0.4614674629
17,1,False,10,1.137477367,1.411487633,1.2163279,1.069320529,1.24089294,6.482670769,19.41287052
17,1,True,1,3.563577999,3.789989332,4.517369999,1.267650098,1.063534833,21.11387821,5.973930615
17,1,True,10,1.867266733,1.705195733,1.633861967,0.8750019146,0.9132041517,-14.28546422,-9.504539384
17,12,False,1,46.24919767,548.120152,300.013535,6.486891668,11.85145213,84.58429628,91.56221542
17,12,False,10,25.62439683,829.4641294,275.7572804,10.76151303,32.37009381,90.70762636,96.91072876
17,12,True,1,28.12701,666.712446,315.0139357,11.19969509,23.70363739,91.07118549,95.7812382
17,12,True,10,25.95559667,1085.6199,302.6321256,11.65960966,41.82604291,91.42338355,97.60914509
