kind,distance,M,full_output,constructor_seconds,first_decode_seconds,first_batch_size,first_digest,rss_mib,stage1_seconds,stage2_seconds,map_score_seconds,factory_stage1_seconds,factory_stage2_seconds,pm_stage1_seconds,pm_stage2_seconds,factories_stage1,factories_stage2,cpp_builds_stage1,cpp_builds_stage2,peak_rss_mib
original_dem,9,1,False,0.056838975000573555,1.0074346350011183,10,ab65b4fe5717d867a6e7e87b382152c61c3bd55c1fb8cccf68f3c034cc641a86,256.29296875,0.005392471000959631,0.012702371004706947,0.0018130680000467692,0.001440126998204505,0.0040661420025571715,0.0029852389998268336,0.007998648001375841,3,3,3,3,255.95703125
reference,9,1,False,0.04741671499868971,0.9965750400006073,10,ab65b4fe5717d867a6e7e87b382152c61c3bd55c1fb8cccf68f3c034cc641a86,255.94140625,0.0005420380002760794,0.01253470400115475,0.002465288998791948,0.014073815000301693,0.003868009000143502,0.00045820999730494805,0.008291969999845605,3,3,3,3,255.359375
native,9,1,False,0.04860468900005799,0.9598161059984704,10,ab65b4fe5717d867a6e7e87b382152c61c3bd55c1fb8cccf68f3c034cc641a86,255.640625,0.0005344909986888524,0.01084007800091058,0.0014291890001913998,0.011497435003548162,0.0034675060014706105,0.00044965599954593927,0.006964641997910803,3,3,3,3,254.890625
original_dem,9,1,True,0.047504722999292426,0.9175939099986863,10,29014da7c2b739e25f8204c4176058aaa81bf78a706810db4043effe5729b86a,256.234375,0.005228147998423083,0.012436035001883283,0.0013368129948503338,0.0013653160021931399,0.004594215002725832,0.0028463689995987806,0.007247264999023173,3,3,3,3,255.69921875
reference,9,1,True,0.04730520299926866,0.8662047199977678,10,29014da7c2b739e25f8204c4176058aaa81bf78a706810db4043effe5729b86a,255.6640625,0.0005499440048879478,0.011402926003938774,0.0013023550018260721,0.011498500000016065,0.0036734700042870827,0.000456754001788795,0.0073251390022051055,3,3,3,3,255.20703125
native,9,1,True,0.05210044999694219,0.8885618669992255,10,29014da7c2b739e25f8204c4176058aaa81bf78a706810db4043effe5729b86a,256.04296875,0.00048199500088230707,0.011255216995778028,0.001281808999920031,0.011818832001154078,0.0036033350006619003,0.00040318600076716393,0.007273540999449324,3,3,3,3,255.60546875
original_dem,9,12,False,0.048936272996797925,1.9460902850005368,10,ab65b4fe5717d867a6e7e87b382152c61c3bd55c1fb8cccf68f3c034cc641a86,291.5390625,0.4951347309797711,0.03538354902411811,0.01572348994523054,0.14035145495654433,0.004169496998656541,0.21686813704582164,0.01770487000612775,333,3,333,3,291.4375
reference,9,12,False,0.04921404099877691,1.3663265149989456,10,ab65b4fe5717d867a6e7e87b382152c61c3bd55c1fb8cccf68f3c034cc641a86,257.50390625,0.3863417730026413,0.02006516202163766,0.006808758982515428,0.12804241500271019,0.0034510809964558575,0.21236276001582155,0.011788230029196711,333,3,336,3,258.4296875
native,9,12,False,0.047322592999989865,0.9296698219986865,10,ab65b4fe5717d867a6e7e87b382152c61c3bd55c1fb8cccf68f3c034cc641a86,257.0,0.016787028001999715,0.02067735806122073,0.007061703003273578,0.014115454003331251,0.0037444459994731005,0.01617919500131393,0.012248078972334042,3,3,6,3,257.03125
original_dem,9,12,True,0.047206940998876235,1.8040376209974056,10,21d341093f9fe7fd6d7e7956b57679a1878173daf773361b311ca78c7b31e84c,293.421875,0.4658898869965924,0.02982184197753668,0.013103777051583165,0.13588532401263365,0.003981917998316931,0.2046074940080871,0.014974264991906239,333,3,333,3,296.078125
reference,9,12,True,0.04876364099982311,1.3369864849992155,10,7884cef7f28f244183debb5b0999829ef9d7ce0a52075fc0be3786deaf3afc00,259.7109375,0.38774534099866287,0.01916178000465152,0.007687464021728374,0.1317710019684455,0.003511217000777833,0.20904122200226993,0.011459491041023284,333,3,336,3,262.5078125
native,9,12,True,0.048113348999322625,0.9568371530003787,10,7884cef7f28f244183debb5b0999829ef9d7ce0a52075fc0be3786deaf3afc00,259.578125,0.016692576002242276,0.01865383500989992,0.0070047660228738096,0.016000476000044728,0.003994424998381874,0.01608767300058389,0.011008941986801801,3,3,6,3,261.9375
original_dem,13,1,False,0.10107993200290366,3.2120481390011264,10,80f1f20cf8062366062d9e8caaf7d7f5b9f2d4b59deb75c8e11f67186ce38df4,348.52734375,0.014451877999817953,0.036956857999030035,0.004085945998667739,0.0038052210038586054,0.011996626999462023,0.00934819399844855,0.02335429799859412,3,3,3,3,347.69140625
reference,13,1,False,0.10005665900098393,3.024486392001563,10,80f1f20cf8062366062d9e8caaf7d7f5b9f2d4b59deb75c8e11f67186ce38df4,347.5234375,0.001053301999490941,0.03301762199771474,0.011000292000971967,0.0354624030078412,0.009917379000398796,0.0009047880012076348,0.022507681002025492,3,3,3,3,346.87890625
native,13,1,False,0.10531992299729609,3.141195151001739,10,80f1f20cf8062366062d9e8caaf7d7f5b9f2d4b59deb75c8e11f67186ce38df4,348.01953125,0.0011679810013447423,0.036749535996932536,0.007680607002839679,0.03714468700127327,0.010239335995720467,0.0010199849966738839,0.025906542003212962,3,3,3,3,347.1953125
original_dem,13,1,True,0.1012819630013837,2.998743840998941,10,242518f84494352588784d0a4f871ca71d6c958d8bfd1a4fa889c0a22c6f8c27,349.5078125,0.01338196700453409,0.03741464999620803,0.0038096009993751068,0.0034835570004361216,0.011622582002019044,0.008509662995493272,0.024581326000770787,3,3,3,3,348.83203125
reference,13,1,True,0.11162403699927381,2.8364996749987768,10,242518f84494352588784d0a4f871ca71d6c958d8bfd1a4fa889c0a22c6f8c27,348.765625,0.0010953310011245776,0.03458883399798651,0.0033590239982004277,0.03756981900005485,0.01086914399638772,0.0009440069989068434,0.022924783999769716,3,3,3,3,348.3125
native,13,1,True,0.10509702699710033,3.1538371030001144,10,242518f84494352588784d0a4f871ca71d6c958d8bfd1a4fa889c0a22c6f8c27,348.1953125,0.0010483379955985583,0.033564733996172436,0.009347273004095769,0.036700283002574,0.010485961000085808,0.0008955279990914278,0.022371065002516843,3,3,3,3,347.3984375
original_dem,13,12,False,0.10243293399980757,5.244122382002388,10,80f1f20cf8062366062d9e8caaf7d7f5b9f2d4b59deb75c8e11f67186ce38df4,464.83984375,1.3185833420357085,0.0792227149795508,0.029325190032977844,0.32184308200885425,0.011567960998945637,0.626868156985438,0.04542393602969241,333,3,333,3,465.82421875
reference,13,12,False,0.10378679900168208,4.239607851999608,10,80f1f20cf8062366062d9e8caaf7d7f5b9f2d4b59deb75c8e11f67186ce38df4,352.65625,1.135705203996622,0.054749343948060414,0.016568642990023363,0.34625953398790443,0.010332120000384748,0.5489256939908955,0.036531159981677774,333,3,336,3,357.03125
native,13,12,False,0.1072076050004398,3.118362453998998,10,80f1f20cf8062366062d9e8caaf7d7f5b9f2d4b59deb75c8e11f67186ce38df4,353.09765625,0.053081263999047223,0.05374422192835482,0.01602134605491301,0.04622214399569202,0.01058656000168412,0.05160674800208653,0.03570943798695225,3,3,6,3,353.34765625
original_dem,13,12,True,0.10407701599979191,5.482158071001322,10,bba7cafa5b0915f31dd19af79f0e55e17cc64a151a0bd81cf9f5f669ae6bd72c,470.91015625,1.2883141140009684,0.07802721599728102,0.028048837008100236,0.3194854550238233,0.011521802003699122,0.6083938380179461,0.046239594998041866,333,3,333,3,481.0625
reference,13,12,True,0.11475580299884314,4.535767894998571,10,55f13b1651fc1652b8d0c73d3ddf94ee480b8a358b7fe5bc73a6623cdc0c083d,359.453125,1.1468658539997705,0.050578083071741275,0.01837173500462086,0.35039808098008507,0.010394532000645995,0.5539980889770959,0.032950478976999875,333,3,336,3,368.40234375
native,13,12,True,0.12012232800043421,3.1834304929980135,10,55f13b1651fc1652b8d0c73d3ddf94ee480b8a358b7fe5bc73a6623cdc0c083d,359.38671875,0.054842064000695245,0.051255555958050536,0.01825125396499061,0.045850167000025976,0.010450398000102723,0.053005433997896034,0.033403963010641746,3,3,6,3,367.87890625
original_dem,17,1,False,0.17714087000058498,6.996538414998213,10,59bf257991e2d5723cba3a0bdc8cfa6a4b2faa283cc5670db754c3535408205a,524.5703125,0.025800201001402456,0.08142394599781255,0.006458859999838751,0.006994881998252822,0.026401639999676263,0.01681771000221488,0.052075834002607735,3,3,3,3,524.40234375
reference,17,1,False,0.17367201200249838,6.978627630000119,10,59bf257991e2d5723cba3a0bdc8cfa6a4b2faa283cc5670db754c3535408205a,522.828125,0.0033912659964698832,0.07198070299637038,0.005999771001370391,0.08261442000002717,0.018863050998334074,0.0030299769969133195,0.05184047299917438,3,3,3,3,521.73828125
native,17,1,False,0.17861057000118308,6.757013985999947,10,59bf257991e2d5723cba3a0bdc8cfa6a4b2faa283cc5670db754c3535408205a,522.88671875,0.0026554989999567624,0.07973321999816108,0.006668865004030522,0.0970768320003117,0.021190180003031855,0.002322137999726692,0.05716708099498646,3,3,3,3,522.0703125
original_dem,17,1,True,0.19323536299998523,6.754171386997768,10,10f67dddb20ef546e8f2cc74d3e4ca4bfb8d45169dbd024d820570c6340d159d,526.4609375,0.026396802997624036,0.07153199700042023,0.005912674001592677,0.006857223001134116,0.022444528996857116,0.017555683003593003,0.046939609994296916,3,3,3,3,525.8984375
reference,17,1,True,0.1772724600014044,6.791224641998269,10,10f67dddb20ef546e8f2cc74d3e4ca4bfb8d45169dbd024d820570c6340d159d,524.53125,0.002240776004327927,0.06852749899917399,0.0060267440021561924,0.07923544200093602,0.01831119100097567,0.0019416279938013759,0.049032545000955,3,3,3,3,523.91796875
native,17,1,True,0.17898714499824564,6.565643291000015,10,10f67dddb20ef546e8f2cc74d3e4ca4bfb8d45169dbd024d820570c6340d159d,524.22265625,0.003008240004419349,0.076132530997711,0.00605108099989593,0.08286123200014117,0.019791344999248395,0.002657264998561004,0.053951846002746606,3,3,3,3,523.8828125
original_dem,17,12,False,0.18145889899824397,12.295579693000036,10,59bf257991e2d5723cba3a0bdc8cfa6a4b2faa283cc5670db754c3535408205a,794.62109375,3.3211531290289713,0.16314463000162505,0.0687417599510809,0.7384713680003188,0.025756388997251634,1.595680702044774,0.10926219898101408,333,3,333,3,797.45703125
reference,17,12,False,0.18604490899815573,9.36389007300022,10,59bf257991e2d5723cba3a0bdc8cfa6a4b2faa283cc5670db754c3535408205a,534.65234375,2.653168232001917,0.11488630301028024,0.03799936100767809,0.7414130349716288,0.020600712996383663,1.2815291880069708,0.08160974198835902,333,3,336,3,545.2578125
native,17,12,False,0.17942952799785417,7.253013936999196,10,59bf257991e2d5723cba3a0bdc8cfa6a4b2faa283cc5670db754c3535408205a,534.828125,0.1349746080049954,0.11026894696988165,0.03555907505869982,0.10623064599712961,0.01999603099829983,0.13257410200458253,0.07827937401816598,3,3,6,3,537.00390625
original_dem,17,12,True,0.19320875500125112,13.371534666002844,10,067843d3efe6b0552cca11fb80e622e21165e5ac916b1379a02e509931d0af77,809.5390625,3.7541152510202664,0.18481392199464608,0.08105361399066169,0.8095638580380182,0.02820672400048352,1.768021999996563,0.12384965900491807,333,3,333,3,833.953125
reference,17,12,True,0.1810368890000973,10.177619172998675,10,4ff60df8dc928a21f9f94793a70eeaeb09990e95d0e35ed0a726c103d068d2e6,550.2578125,2.6469835810021323,0.1380816070450237,0.045268901012605056,0.7582764840044547,0.030221475000871578,1.2837138329996378,0.09311776798131177,333,3,336,3,571.875
native,17,12,True,0.18662812500042492,7.744087852999655,10,4ff60df8dc928a21f9f94793a70eeaeb09990e95d0e35ed0a726c103d068d2e6,550.37890625,0.13813645700065535,0.11844637296235305,0.04173200194054516,0.1082340960019792,0.021323942997696577,0.1354177220055135,0.0842965350348095,3,3,6,3,570.17578125
