kind,distance,M,full_output,batch_size,repeat,seconds,ms_per_shot,digest,rss_mib
original_dem,9,1,False,1,0,0.0010911829995166045,1.0911829995166045,bf8c03050b358890c338ebafaa667dd2a99267107191776977f1b0e0024c4015,256.296875
original_dem,9,1,False,1,1,0.0031015730019134935,3.1015730019134935,bf8c03050b358890c338ebafaa667dd2a99267107191776977f1b0e0024c4015,256.296875
original_dem,9,1,False,1,2,0.0021065469991299324,2.1065469991299324,bf8c03050b358890c338ebafaa667dd2a99267107191776977f1b0e0024c4015,256.296875
original_dem,9,1,False,10,0,0.0068450510007096455,0.6845051000709645,ab65b4fe5717d867a6e7e87b382152c61c3bd55c1fb8cccf68f3c034cc641a86,256.3359375
original_dem,9,1,False,10,1,0.00239535699802218,0.239535699802218,ab65b4fe5717d867a6e7e87b382152c61c3bd55c1fb8cccf68f3c034cc641a86,256.3359375
original_dem,9,1,False,10,2,0.0027884180017281324,0.27884180017281324,ab65b4fe5717d867a6e7e87b382152c61c3bd55c1fb8cccf68f3c034cc641a86,256.3359375
reference,9,1,False,1,0,0.0012616099993465468,1.2616099993465468,bf8c03050b358890c338ebafaa667dd2a99267107191776977f1b0e0024c4015,255.9453125
reference,9,1,False,1,1,0.0023696790012763813,2.3696790012763813,bf8c03050b358890c338ebafaa667dd2a99267107191776977f1b0e0024c4015,255.9453125
reference,9,1,False,1,2,0.002151749999029562,2.151749999029562,bf8c03050b358890c338ebafaa667dd2a99267107191776977f1b0e0024c4015,255.9453125
reference,9,1,False,10,0,0.005995293999148998,0.5995293999148998,ab65b4fe5717d867a6e7e87b382152c61c3bd55c1fb8cccf68f3c034cc641a86,255.98046875
reference,9,1,False,10,1,0.002301745997101534,0.23017459971015342,ab65b4fe5717d867a6e7e87b382152c61c3bd55c1fb8cccf68f3c034cc641a86,255.98046875
reference,9,1,False,10,2,0.0030713800006196834,0.30713800006196834,ab65b4fe5717d867a6e7e87b382152c61c3bd55c1fb8cccf68f3c034cc641a86,255.98046875
native,9,1,False,1,0,0.0018086329982907046,1.8086329982907046,bf8c03050b358890c338ebafaa667dd2a99267107191776977f1b0e0024c4015,255.64453125
native,9,1,False,1,1,0.002373929000896169,2.373929000896169,bf8c03050b358890c338ebafaa667dd2a99267107191776977f1b0e0024c4015,255.64453125
native,9,1,False,1,2,0.001875982001365628,1.875982001365628,bf8c03050b358890c338ebafaa667dd2a99267107191776977f1b0e0024c4015,255.64453125
native,9,1,False,10,0,0.0045259969992912374,0.45259969992912374,ab65b4fe5717d867a6e7e87b382152c61c3bd55c1fb8cccf68f3c034cc641a86,255.68359375
native,9,1,False,10,1,0.0024783810004009865,0.24783810004009865,ab65b4fe5717d867a6e7e87b382152c61c3bd55c1fb8cccf68f3c034cc641a86,255.68359375
native,9,1,False,10,2,0.002754074001131812,0.2754074001131812,ab65b4fe5717d867a6e7e87b382152c61c3bd55c1fb8cccf68f3c034cc641a86,255.68359375
original_dem,9,1,True,1,0,0.002149452000594465,2.149452000594465,090724a17acd87bc465319daae5b7f6e38f2e29fb470dfdfd8a7b86fda27f7c9,256.23828125
original_dem,9,1,True,1,1,0.0019867369992425665,1.9867369992425665,090724a17acd87bc465319daae5b7f6e38f2e29fb470dfdfd8a7b86fda27f7c9,256.23828125
original_dem,9,1,True,1,2,0.002401715002633864,2.401715002633864,090724a17acd87bc465319daae5b7f6e38f2e29fb470dfdfd8a7b86fda27f7c9,256.23828125
original_dem,9,1,True,10,0,0.004581954999594018,0.4581954999594018,29014da7c2b739e25f8204c4176058aaa81bf78a706810db4043effe5729b86a,256.2421875
original_dem,9,1,True,10,1,0.002231084999948507,0.22310849999485072,29014da7c2b739e25f8204c4176058aaa81bf78a706810db4043effe5729b86a,256.2421875
original_dem,9,1,True,10,2,0.00233705199934775,0.233705199934775,29014da7c2b739e25f8204c4176058aaa81bf78a706810db4043effe5729b86a,256.2421875
reference,9,1,True,1,0,0.0010425979999126866,1.0425979999126866,090724a17acd87bc465319daae5b7f6e38f2e29fb470dfdfd8a7b86fda27f7c9,255.671875
reference,9,1,True,1,1,0.001670931997068692,1.670931997068692,090724a17acd87bc465319daae5b7f6e38f2e29fb470dfdfd8a7b86fda27f7c9,255.671875
reference,9,1,True,1,2,0.001783869000064442,1.783869000064442,090724a17acd87bc465319daae5b7f6e38f2e29fb470dfdfd8a7b86fda27f7c9,255.671875
reference,9,1,True,10,0,0.006587386000319384,0.6587386000319384,29014da7c2b739e25f8204c4176058aaa81bf78a706810db4043effe5729b86a,255.671875
reference,9,1,True,10,1,0.002481677998730447,0.24816779987304471,29014da7c2b739e25f8204c4176058aaa81bf78a706810db4043effe5729b86a,255.671875
reference,9,1,True,10,2,0.0026793540018843487,0.26793540018843487,29014da7c2b739e25f8204c4176058aaa81bf78a706810db4043effe5729b86a,255.671875
native,9,1,True,1,0,0.0011778569969465025,1.1778569969465025,090724a17acd87bc465319daae5b7f6e38f2e29fb470dfdfd8a7b86fda27f7c9,256.046875
native,9,1,True,1,1,0.0015344319981522858,1.5344319981522858,090724a17acd87bc465319daae5b7f6e38f2e29fb470dfdfd8a7b86fda27f7c9,256.046875
native,9,1,True,1,2,0.0019425770005909726,1.9425770005909726,090724a17acd87bc465319daae5b7f6e38f2e29fb470dfdfd8a7b86fda27f7c9,256.046875
native,9,1,True,10,0,0.0054323449985531624,0.5432344998553162,29014da7c2b739e25f8204c4176058aaa81bf78a706810db4043effe5729b86a,256.046875
native,9,1,True,10,1,0.0024087470010272227,0.24087470010272227,29014da7c2b739e25f8204c4176058aaa81bf78a706810db4043effe5729b86a,256.046875
native,9,1,True,10,2,0.0020707770017907023,0.20707770017907023,29014da7c2b739e25f8204c4176058aaa81bf78a706810db4043effe5729b86a,256.046875
original_dem,9,12,False,1,0,0.10963185500077088,109.63185500077088,bf8c03050b358890c338ebafaa667dd2a99267107191776977f1b0e0024c4015,291.54296875
original_dem,9,12,False,1,1,0.11505994199978886,115.05994199978886,bf8c03050b358890c338ebafaa667dd2a99267107191776977f1b0e0024c4015,291.54296875
original_dem,9,12,False,1,2,0.08361115799925756,83.61115799925756,bf8c03050b358890c338ebafaa667dd2a99267107191776977f1b0e0024c4015,291.54296875
original_dem,9,12,False,10,0,0.8542883449990768,85.42883449990768,ab65b4fe5717d867a6e7e87b382152c61c3bd55c1fb8cccf68f3c034cc641a86,291.734375
original_dem,9,12,False,10,1,0.9642818149986851,96.42818149986851,ab65b4fe5717d867a6e7e87b382152c61c3bd55c1fb8cccf68f3c034cc641a86,291.77734375
original_dem,9,12,False,10,2,0.9521472300002642,95.21472300002642,ab65b4fe5717d867a6e7e87b382152c61c3bd55c1fb8cccf68f3c034cc641a86,291.84765625
reference,9,12,False,1,0,0.05760966999878292,57.60966999878292,bf8c03050b358890c338ebafaa667dd2a99267107191776977f1b0e0024c4015,258.16015625
reference,9,12,False,1,1,0.07897288099775324,78.97288099775324,bf8c03050b358890c338ebafaa667dd2a99267107191776977f1b0e0024c4015,258.16015625
reference,9,12,False,1,2,0.042782404998433776,42.782404998433776,bf8c03050b358890c338ebafaa667dd2a99267107191776977f1b0e0024c4015,258.16015625
reference,9,12,False,10,0,0.46437021900055697,46.4370219000557,ab65b4fe5717d867a6e7e87b382152c61c3bd55c1fb8cccf68f3c034cc641a86,258.83203125
reference,9,12,False,10,1,0.4186744969993015,41.86744969993015,ab65b4fe5717d867a6e7e87b382152c61c3bd55c1fb8cccf68f3c034cc641a86,258.97265625
reference,9,12,False,10,2,0.4531890350008325,45.31890350008325,ab65b4fe5717d867a6e7e87b382152c61c3bd55c1fb8cccf68f3c034cc641a86,258.97265625
native,9,12,False,1,0,0.011393889002647484,11.393889002647484,bf8c03050b358890c338ebafaa667dd2a99267107191776977f1b0e0024c4015,257.0
native,9,12,False,1,1,0.011247501002799254,11.247501002799254,bf8c03050b358890c338ebafaa667dd2a99267107191776977f1b0e0024c4015,257.0
native,9,12,False,1,2,0.01040742099939962,10.40742099939962,bf8c03050b358890c338ebafaa667dd2a99267107191776977f1b0e0024c4015,257.0
native,9,12,False,10,0,0.06676399199932348,6.676399199932348,ab65b4fe5717d867a6e7e87b382152c61c3bd55c1fb8cccf68f3c034cc641a86,257.33984375
native,9,12,False,10,1,0.05547512699922663,5.547512699922663,ab65b4fe5717d867a6e7e87b382152c61c3bd55c1fb8cccf68f3c034cc641a86,257.33984375
native,9,12,False,10,2,0.057362872998055536,5.736287299805554,ab65b4fe5717d867a6e7e87b382152c61c3bd55c1fb8cccf68f3c034cc641a86,257.33984375
original_dem,9,12,True,1,0,0.0869562779989792,86.9562779989792,dd67d6aa612a89e74eb7a13e4e64cd6d598a6a370bddf2fdb4d5baf1421e3ca7,293.421875
original_dem,9,12,True,1,1,0.08993970200026524,89.93970200026524,dd67d6aa612a89e74eb7a13e4e64cd6d598a6a370bddf2fdb4d5baf1421e3ca7,293.421875
original_dem,9,12,True,1,2,0.10830863299997873,108.30863299997873,dd67d6aa612a89e74eb7a13e4e64cd6d598a6a370bddf2fdb4d5baf1421e3ca7,293.421875
original_dem,9,12,True,10,0,0.8253607939986978,82.53607939986978,21d341093f9fe7fd6d7e7956b57679a1878173daf773361b311ca78c7b31e84c,296.23828125
original_dem,9,12,True,10,1,0.891570383002545,89.1570383002545,21d341093f9fe7fd6d7e7956b57679a1878173daf773361b311ca78c7b31e84c,296.4140625
original_dem,9,12,True,10,2,0.8637970989984751,86.37970989984751,21d341093f9fe7fd6d7e7956b57679a1878173daf773361b311ca78c7b31e84c,296.48828125
reference,9,12,True,1,0,0.050693657001829706,50.693657001829706,dd67d6aa612a89e74eb7a13e4e64cd6d598a6a370bddf2fdb4d5baf1421e3ca7,259.7109375
reference,9,12,True,1,1,0.06445201800306677,64.45201800306677,dd67d6aa612a89e74eb7a13e4e64cd6d598a6a370bddf2fdb4d5baf1421e3ca7,259.7109375
reference,9,12,True,1,2,0.04659360799996648,46.59360799996648,dd67d6aa612a89e74eb7a13e4e64cd6d598a6a370bddf2fdb4d5baf1421e3ca7,259.7109375
reference,9,12,True,10,0,0.3960225749979145,39.60225749979145,7884cef7f28f244183debb5b0999829ef9d7ce0a52075fc0be3786deaf3afc00,262.72265625
reference,9,12,True,10,1,0.3974132750008721,39.74132750008721,7884cef7f28f244183debb5b0999829ef9d7ce0a52075fc0be3786deaf3afc00,262.66015625
reference,9,12,True,10,2,0.4253362079980434,42.53362079980434,7884cef7f28f244183debb5b0999829ef9d7ce0a52075fc0be3786deaf3afc00,262.61328125
native,9,12,True,1,0,0.008616656999947736,8.616656999947736,dd67d6aa612a89e74eb7a13e4e64cd6d598a6a370bddf2fdb4d5baf1421e3ca7,259.578125
native,9,12,True,1,1,0.007253911000589142,7.253911000589142,dd67d6aa612a89e74eb7a13e4e64cd6d598a6a370bddf2fdb4d5baf1421e3ca7,259.578125
native,9,12,True,1,2,0.007140698002331192,7.140698002331192,dd67d6aa612a89e74eb7a13e4e64cd6d598a6a370bddf2fdb4d5baf1421e3ca7,259.578125
native,9,12,True,10,0,0.037704000002122484,3.7704000002122484,7884cef7f28f244183debb5b0999829ef9d7ce0a52075fc0be3786deaf3afc00,262.22265625
native,9,12,True,10,1,0.03317165699991165,3.3171656999911647,7884cef7f28f244183debb5b0999829ef9d7ce0a52075fc0be3786deaf3afc00,262.22265625
native,9,12,True,10,2,0.034098475000064354,3.4098475000064354,7884cef7f28f244183debb5b0999829ef9d7ce0a52075fc0be3786deaf3afc00,262.22265625
original_dem,13,1,False,1,0,0.00282916799915256,2.82916799915256,bf8c03050b358890c338ebafaa667dd2a99267107191776977f1b0e0024c4015,348.52734375
original_dem,13,1,False,1,1,0.002903922002587933,2.903922002587933,bf8c03050b358890c338ebafaa667dd2a99267107191776977f1b0e0024c4015,348.52734375
original_dem,13,1,False,1,2,0.003074870001000818,3.074870001000818,bf8c03050b358890c338ebafaa667dd2a99267107191776977f1b0e0024c4015,348.52734375
original_dem,13,1,False,10,0,0.012053357997501735,1.2053357997501735,80f1f20cf8062366062d9e8caaf7d7f5b9f2d4b59deb75c8e11f67186ce38df4,348.65234375
original_dem,13,1,False,10,1,0.005351520001568133,0.5351520001568133,80f1f20cf8062366062d9e8caaf7d7f5b9f2d4b59deb75c8e11f67186ce38df4,348.65234375
original_dem,13,1,False,10,2,0.005154958002094645,0.5154958002094645,80f1f20cf8062366062d9e8caaf7d7f5b9f2d4b59deb75c8e11f67186ce38df4,348.65234375
reference,13,1,False,1,0,0.002602961001684889,2.602961001684889,bf8c03050b358890c338ebafaa667dd2a99267107191776977f1b0e0024c4015,347.52734375
reference,13,1,False,1,1,0.002936877001047833,2.936877001047833,bf8c03050b358890c338ebafaa667dd2a99267107191776977f1b0e0024c4015,347.52734375
reference,13,1,False,1,2,0.0028034049973939545,2.8034049973939545,bf8c03050b358890c338ebafaa667dd2a99267107191776977f1b0e0024c4015,347.52734375
reference,13,1,False,10,0,0.009171859001071425,0.9171859001071425,80f1f20cf8062366062d9e8caaf7d7f5b9f2d4b59deb75c8e11f67186ce38df4,347.52734375
reference,13,1,False,10,1,0.005752834000304574,0.5752834000304574,80f1f20cf8062366062d9e8caaf7d7f5b9f2d4b59deb75c8e11f67186ce38df4,347.52734375
reference,13,1,False,10,2,0.004965394000464585,0.49653940004645847,80f1f20cf8062366062d9e8caaf7d7f5b9f2d4b59deb75c8e11f67186ce38df4,347.52734375
native,13,1,False,1,0,0.001699183998425724,1.699183998425724,bf8c03050b358890c338ebafaa667dd2a99267107191776977f1b0e0024c4015,348.0234375
native,13,1,False,1,1,0.0018168370006605983,1.8168370006605983,bf8c03050b358890c338ebafaa667dd2a99267107191776977f1b0e0024c4015,348.0234375
native,13,1,False,1,2,0.0016062030008470174,1.6062030008470174,bf8c03050b358890c338ebafaa667dd2a99267107191776977f1b0e0024c4015,348.0234375
native,13,1,False,10,0,0.008554293999623042,0.8554293999623042,80f1f20cf8062366062d9e8caaf7d7f5b9f2d4b59deb75c8e11f67186ce38df4,348.0234375
native,13,1,False,10,1,0.005158520001714351,0.5158520001714351,80f1f20cf8062366062d9e8caaf7d7f5b9f2d4b59deb75c8e11f67186ce38df4,348.0234375
native,13,1,False,10,2,0.005932735002716072,0.5932735002716072,80f1f20cf8062366062d9e8caaf7d7f5b9f2d4b59deb75c8e11f67186ce38df4,348.0234375
original_dem,13,1,True,1,0,0.0026657449998310767,2.6657449998310767,6230fcc6e312f38fbe899f649c8d6f3bdb7245a9ea844454b7683c43c384db59,349.5078125
original_dem,13,1,True,1,1,0.0038584080029977486,3.8584080029977486,6230fcc6e312f38fbe899f649c8d6f3bdb7245a9ea844454b7683c43c384db59,349.5078125
original_dem,13,1,True,1,2,0.0025903659989126027,2.5903659989126027,6230fcc6e312f38fbe899f649c8d6f3bdb7245a9ea844454b7683c43c384db59,349.5078125
original_dem,13,1,True,10,0,0.011418555997806834,1.1418555997806834,242518f84494352588784d0a4f871ca71d6c958d8bfd1a4fa889c0a22c6f8c27,349.6328125
original_dem,13,1,True,10,1,0.005348040001990739,0.5348040001990739,242518f84494352588784d0a4f871ca71d6c958d8bfd1a4fa889c0a22c6f8c27,349.6328125
original_dem,13,1,True,10,2,0.005101104998175288,0.5101104998175288,242518f84494352588784d0a4f871ca71d6c958d8bfd1a4fa889c0a22c6f8c27,349.6328125
reference,13,1,True,1,0,0.0022946019998926204,2.2946019998926204,6230fcc6e312f38fbe899f649c8d6f3bdb7245a9ea844454b7683c43c384db59,348.765625
reference,13,1,True,1,1,0.002775468998152064,2.775468998152064,6230fcc6e312f38fbe899f649c8d6f3bdb7245a9ea844454b7683c43c384db59,348.765625
reference,13,1,True,1,2,0.003085199001361616,3.085199001361616,6230fcc6e312f38fbe899f649c8d6f3bdb7245a9ea844454b7683c43c384db59,348.765625
reference,13,1,True,10,0,0.00897890999840456,0.8978909998404561,242518f84494352588784d0a4f871ca71d6c958d8bfd1a4fa889c0a22c6f8c27,348.890625
reference,13,1,True,10,1,0.006246749999263557,0.6246749999263557,242518f84494352588784d0a4f871ca71d6c958d8bfd1a4fa889c0a22c6f8c27,348.890625
reference,13,1,True,10,2,0.005759659001341788,0.5759659001341788,242518f84494352588784d0a4f871ca71d6c958d8bfd1a4fa889c0a22c6f8c27,348.890625
native,13,1,True,1,0,0.0027508699968166184,2.7508699968166184,6230fcc6e312f38fbe899f649c8d6f3bdb7245a9ea844454b7683c43c384db59,348.19921875
native,13,1,True,1,1,0.0029135500008123927,2.9135500008123927,6230fcc6e312f38fbe899f649c8d6f3bdb7245a9ea844454b7683c43c384db59,348.19921875
native,13,1,True,1,2,0.0026536369987297803,2.6536369987297803,6230fcc6e312f38fbe899f649c8d6f3bdb7245a9ea844454b7683c43c384db59,348.19921875
native,13,1,True,10,0,0.010347334999096347,1.0347334999096347,242518f84494352588784d0a4f871ca71d6c958d8bfd1a4fa889c0a22c6f8c27,348.19921875
native,13,1,True,10,1,0.005759462001151405,0.5759462001151405,242518f84494352588784d0a4f871ca71d6c958d8bfd1a4fa889c0a22c6f8c27,348.19921875
native,13,1,True,10,2,0.005372732997784624,0.5372732997784624,242518f84494352588784d0a4f871ca71d6c958d8bfd1a4fa889c0a22c6f8c27,348.19921875
original_dem,13,12,False,1,0,0.2603960910018941,260.3960910018941,bf8c03050b358890c338ebafaa667dd2a99267107191776977f1b0e0024c4015,464.83984375
original_dem,13,12,False,1,1,0.23664283900143346,236.64283900143346,bf8c03050b358890c338ebafaa667dd2a99267107191776977f1b0e0024c4015,464.83984375
original_dem,13,12,False,1,2,0.24773346800066065,247.73346800066065,bf8c03050b358890c338ebafaa667dd2a99267107191776977f1b0e0024c4015,464.83984375
original_dem,13,12,False,10,0,2.5948199029990064,259.48199029990064,80f1f20cf8062366062d9e8caaf7d7f5b9f2d4b59deb75c8e11f67186ce38df4,465.40625
original_dem,13,12,False,10,1,3.1629367640016426,316.29367640016426,80f1f20cf8062366062d9e8caaf7d7f5b9f2d4b59deb75c8e11f67186ce38df4,465.8359375
original_dem,13,12,False,10,2,3.3852594809977745,338.52594809977745,80f1f20cf8062366062d9e8caaf7d7f5b9f2d4b59deb75c8e11f67186ce38df4,466.1015625
reference,13,12,False,1,0,0.12488754099831567,124.88754099831567,bf8c03050b358890c338ebafaa667dd2a99267107191776977f1b0e0024c4015,354.74609375
reference,13,12,False,1,1,0.1333388870007184,133.3388870007184,bf8c03050b358890c338ebafaa667dd2a99267107191776977f1b0e0024c4015,354.74609375
reference,13,12,False,1,2,0.12209726700166357,122.09726700166357,bf8c03050b358890c338ebafaa667dd2a99267107191776977f1b0e0024c4015,354.74609375
reference,13,12,False,10,0,1.1827884119993541,118.27884119993541,80f1f20cf8062366062d9e8caaf7d7f5b9f2d4b59deb75c8e11f67186ce38df4,355.296875
reference,13,12,False,10,1,1.204021156001545,120.4021156001545,80f1f20cf8062366062d9e8caaf7d7f5b9f2d4b59deb75c8e11f67186ce38df4,357.0234375
reference,13,12,False,10,2,1.213175744000182,121.3175744000182,80f1f20cf8062366062d9e8caaf7d7f5b9f2d4b59deb75c8e11f67186ce38df4,355.63671875
native,13,12,False,1,0,0.01921805300298729,19.21805300298729,bf8c03050b358890c338ebafaa667dd2a99267107191776977f1b0e0024c4015,353.1015625
native,13,12,False,1,1,0.019509309000568464,19.509309000568464,bf8c03050b358890c338ebafaa667dd2a99267107191776977f1b0e0024c4015,353.1015625
native,13,12,False,1,2,0.027531594001629855,27.531594001629855,bf8c03050b358890c338ebafaa667dd2a99267107191776977f1b0e0024c4015,353.1015625
native,13,12,False,10,0,0.1285227929984103,12.85227929984103,80f1f20cf8062366062d9e8caaf7d7f5b9f2d4b59deb75c8e11f67186ce38df4,353.703125
native,13,12,False,10,1,0.15060765299858758,15.060765299858758,80f1f20cf8062366062d9e8caaf7d7f5b9f2d4b59deb75c8e11f67186ce38df4,353.703125
native,13,12,False,10,2,0.12097128499954124,12.097128499954124,80f1f20cf8062366062d9e8caaf7d7f5b9f2d4b59deb75c8e11f67186ce38df4,353.703125
original_dem,13,12,True,1,0,0.22175535199858132,221.75535199858132,78b353f113892bea62d421cf532e0740075e4cfdf37754bb838973f927b26ad9,470.91015625
original_dem,13,12,True,1,1,0.2399302190024173,239.9302190024173,78b353f113892bea62d421cf532e0740075e4cfdf37754bb838973f927b26ad9,470.91015625
original_dem,13,12,True,1,2,0.2164710090000881,216.4710090000881,78b353f113892bea62d421cf532e0740075e4cfdf37754bb838973f927b26ad9,470.91015625
original_dem,13,12,True,10,0,2.60072080199825,260.072080199825,bba7cafa5b0915f31dd19af79f0e55e17cc64a151a0bd81cf9f5f669ae6bd72c,480.046875
original_dem,13,12,True,10,1,3.0187506180009223,301.8750618000922,bba7cafa5b0915f31dd19af79f0e55e17cc64a151a0bd81cf9f5f669ae6bd72c,480.984375
original_dem,13,12,True,10,2,2.837205849999009,283.7205849999009,bba7cafa5b0915f31dd19af79f0e55e17cc64a151a0bd81cf9f5f669ae6bd72c,481.27734375
reference,13,12,True,1,0,0.1327459460007958,132.7459460007958,f086a978ed0f41d6a2d165f69e1b5e1f16085b5fb2c4329e0fe2ca45b5142e8a,359.45703125
reference,13,12,True,1,1,0.13816316600059508,138.16316600059508,f086a978ed0f41d6a2d165f69e1b5e1f16085b5fb2c4329e0fe2ca45b5142e8a,359.45703125
reference,13,12,True,1,2,0.14232257599724107,142.32257599724107,f086a978ed0f41d6a2d165f69e1b5e1f16085b5fb2c4329e0fe2ca45b5142e8a,359.45703125
reference,13,12,True,10,0,1.1959295830019983,119.59295830019983,55f13b1651fc1652b8d0c73d3ddf94ee480b8a358b7fe5bc73a6623cdc0c083d,369.0234375
reference,13,12,True,10,1,1.174675438000122,117.46754380001221,55f13b1651fc1652b8d0c73d3ddf94ee480b8a358b7fe5bc73a6623cdc0c083d,368.91796875
reference,13,12,True,10,2,1.2218841409994639,122.18841409994639,55f13b1651fc1652b8d0c73d3ddf94ee480b8a358b7fe5bc73a6623cdc0c083d,368.921875
native,13,12,True,1,0,0.012812089997169096,12.812089997169096,f086a978ed0f41d6a2d165f69e1b5e1f16085b5fb2c4329e0fe2ca45b5142e8a,359.38671875
native,13,12,True,1,1,0.01734135399965453,17.34135399965453,f086a978ed0f41d6a2d165f69e1b5e1f16085b5fb2c4329e0fe2ca45b5142e8a,359.38671875
native,13,12,True,1,2,0.02239094999822555,22.39094999822555,f086a978ed0f41d6a2d165f69e1b5e1f16085b5fb2c4329e0fe2ca45b5142e8a,359.38671875
native,13,12,True,10,0,0.0957645529997535,9.57645529997535,55f13b1651fc1652b8d0c73d3ddf94ee480b8a358b7fe5bc73a6623cdc0c083d,367.828125
native,13,12,True,10,1,0.10728875899803825,10.728875899803825,55f13b1651fc1652b8d0c73d3ddf94ee480b8a358b7fe5bc73a6623cdc0c083d,367.828125
native,13,12,True,10,2,0.10207117100071628,10.207117100071628,55f13b1651fc1652b8d0c73d3ddf94ee480b8a358b7fe5bc73a6623cdc0c083d,367.828125
original_dem,17,1,False,1,0,0.004371711998828687,4.371711998828687,bf8c03050b358890c338ebafaa667dd2a99267107191776977f1b0e0024c4015,524.5703125
original_dem,17,1,False,1,1,0.004640219001885271,4.640219001885271,bf8c03050b358890c338ebafaa667dd2a99267107191776977f1b0e0024c4015,524.5703125
original_dem,17,1,False,1,2,0.004323569999542087,4.323569999542087,bf8c03050b358890c338ebafaa667dd2a99267107191776977f1b0e0024c4015,524.5703125
original_dem,17,1,False,10,0,0.017423367000446888,1.7423367000446888,59bf257991e2d5723cba3a0bdc8cfa6a4b2faa283cc5670db754c3535408205a,524.859375
original_dem,17,1,False,10,1,0.012490222001360962,1.2490222001360962,59bf257991e2d5723cba3a0bdc8cfa6a4b2faa283cc5670db754c3535408205a,524.859375
original_dem,17,1,False,10,2,0.012431039998773485,1.2431039998773485,59bf257991e2d5723cba3a0bdc8cfa6a4b2faa283cc5670db754c3535408205a,524.859375
reference,17,1,False,1,0,0.004327203001594171,4.327203001594171,bf8c03050b358890c338ebafaa667dd2a99267107191776977f1b0e0024c4015,522.83203125
reference,17,1,False,1,1,0.0044884769995405804,4.48847699954058,bf8c03050b358890c338ebafaa667dd2a99267107191776977f1b0e0024c4015,522.83203125
reference,17,1,False,1,2,0.004150898999796482,4.150898999796482,bf8c03050b358890c338ebafaa667dd2a99267107191776977f1b0e0024c4015,522.83203125
reference,17,1,False,10,0,0.011189468998054508,1.1189468998054508,59bf257991e2d5723cba3a0bdc8cfa6a4b2faa283cc5670db754c3535408205a,522.83203125
reference,17,1,False,10,1,0.013490780998836271,1.3490780998836271,59bf257991e2d5723cba3a0bdc8cfa6a4b2faa283cc5670db754c3535408205a,522.83203125
reference,17,1,False,10,2,0.011809587002062472,1.1809587002062472,59bf257991e2d5723cba3a0bdc8cfa6a4b2faa283cc5670db754c3535408205a,522.83203125
native,17,1,False,1,0,0.006311891000223113,6.311891000223113,bf8c03050b358890c338ebafaa667dd2a99267107191776977f1b0e0024c4015,522.890625
native,17,1,False,1,1,0.0026728579978225753,2.6728579978225753,bf8c03050b358890c338ebafaa667dd2a99267107191776977f1b0e0024c4015,522.890625
native,17,1,False,1,2,0.0044122910003352445,4.4122910003352445,bf8c03050b358890c338ebafaa667dd2a99267107191776977f1b0e0024c4015,522.890625
native,17,1,False,10,0,0.011878254001203459,1.1878254001203459,59bf257991e2d5723cba3a0bdc8cfa6a4b2faa283cc5670db754c3535408205a,522.890625
native,17,1,False,10,1,0.011362581000867067,1.1362581000867067,59bf257991e2d5723cba3a0bdc8cfa6a4b2faa283cc5670db754c3535408205a,522.890625
native,17,1,False,10,2,0.010883486000238918,1.0883486000238918,59bf257991e2d5723cba3a0bdc8cfa6a4b2faa283cc5670db754c3535408205a,522.890625
original_dem,17,1,True,1,0,0.004367041998193599,4.367041998193599,ffe9ee2fe7988dd800b28f86e95f1150b22ec9e7bcebe1eab70b2092c23a7a9c,526.46484375
original_dem,17,1,True,1,1,0.004509467999014305,4.509467999014305,ffe9ee2fe7988dd800b28f86e95f1150b22ec9e7bcebe1eab70b2092c23a7a9c,526.46484375
original_dem,17,1,True,1,2,0.002493457999662496,2.493457999662496,ffe9ee2fe7988dd800b28f86e95f1150b22ec9e7bcebe1eab70b2092c23a7a9c,526.46484375
original_dem,17,1,True,10,0,0.016679862997989403,1.6679862997989403,10f67dddb20ef546e8f2cc74d3e4ca4bfb8d45169dbd024d820570c6340d159d,526.75
original_dem,17,1,True,10,1,0.01454199699946912,1.454199699946912,10f67dddb20ef546e8f2cc74d3e4ca4bfb8d45169dbd024d820570c6340d159d,526.75
original_dem,17,1,True,10,2,0.019934012001613155,1.9934012001613155,10f67dddb20ef546e8f2cc74d3e4ca4bfb8d45169dbd024d820570c6340d159d,526.75
reference,17,1,True,1,0,0.004359392998594558,4.359392998594558,ffe9ee2fe7988dd800b28f86e95f1150b22ec9e7bcebe1eab70b2092c23a7a9c,524.53125
reference,17,1,True,1,1,0.004646428998967167,4.646428998967167,ffe9ee2fe7988dd800b28f86e95f1150b22ec9e7bcebe1eab70b2092c23a7a9c,524.53125
reference,17,1,True,1,2,0.004546288000710774,4.546288000710774,ffe9ee2fe7988dd800b28f86e95f1150b22ec9e7bcebe1eab70b2092c23a7a9c,524.53125
reference,17,1,True,10,0,0.013041734000580618,1.3041734000580618,10f67dddb20ef546e8f2cc74d3e4ca4bfb8d45169dbd024d820570c6340d159d,524.8125
reference,17,1,True,10,1,0.013014866999583319,1.3014866999583319,10f67dddb20ef546e8f2cc74d3e4ca4bfb8d45169dbd024d820570c6340d159d,524.8125
reference,17,1,True,10,2,0.02295925799990073,2.295925799990073,10f67dddb20ef546e8f2cc74d3e4ca4bfb8d45169dbd024d820570c6340d159d,524.8125
native,17,1,True,1,0,0.0041079829970840365,4.1079829970840365,ffe9ee2fe7988dd800b28f86e95f1150b22ec9e7bcebe1eab70b2092c23a7a9c,524.2265625
native,17,1,True,1,1,0.004195075998723041,4.195075998723041,ffe9ee2fe7988dd800b28f86e95f1150b22ec9e7bcebe1eab70b2092c23a7a9c,524.2265625
native,17,1,True,1,2,0.0023876750019553583,2.3876750019553583,ffe9ee2fe7988dd800b28f86e95f1150b22ec9e7bcebe1eab70b2092c23a7a9c,524.2265625
native,17,1,True,10,0,0.020138520001637517,2.0138520001637517,10f67dddb20ef546e8f2cc74d3e4ca4bfb8d45169dbd024d820570c6340d159d,524.51171875
native,17,1,True,10,1,0.019004467001650482,1.9004467001650482,10f67dddb20ef546e8f2cc74d3e4ca4bfb8d45169dbd024d820570c6340d159d,524.51171875
native,17,1,True,10,2,0.016875014996912796,1.6875014996912796,10f67dddb20ef546e8f2cc74d3e4ca4bfb8d45169dbd024d820570c6340d159d,524.51171875
original_dem,17,12,False,1,0,0.5398967500004801,539.8967500004801,bf8c03050b358890c338ebafaa667dd2a99267107191776977f1b0e0024c4015,794.62109375
original_dem,17,12,False,1,1,0.5386347140010912,538.6347140010912,bf8c03050b358890c338ebafaa667dd2a99267107191776977f1b0e0024c4015,794.62109375
original_dem,17,12,False,1,2,0.5658289919992967,565.8289919992967,bf8c03050b358890c338ebafaa667dd2a99267107191776977f1b0e0024c4015,794.62109375
original_dem,17,12,False,10,0,6.954517644997395,695.4517644997395,59bf257991e2d5723cba3a0bdc8cfa6a4b2faa283cc5670db754c3535408205a,796.15234375
original_dem,17,12,False,10,1,7.956604697999865,795.6604697999865,59bf257991e2d5723cba3a0bdc8cfa6a4b2faa283cc5670db754c3535408205a,797.3515625
original_dem,17,12,False,10,2,9.972801538999192,997.2801538999192,59bf257991e2d5723cba3a0bdc8cfa6a4b2faa283cc5670db754c3535408205a,797.58203125
reference,17,12,False,1,0,0.29225144299925887,292.25144299925887,bf8c03050b358890c338ebafaa667dd2a99267107191776977f1b0e0024c4015,539.51953125
reference,17,12,False,1,1,0.3077178810017358,307.7178810017358,bf8c03050b358890c338ebafaa667dd2a99267107191776977f1b0e0024c4015,539.5234375
reference,17,12,False,1,2,0.30007128099896363,300.07128099896363,bf8c03050b358890c338ebafaa667dd2a99267107191776977f1b0e0024c4015,539.5234375
reference,17,12,False,10,0,2.751863625999249,275.1863625999249,59bf257991e2d5723cba3a0bdc8cfa6a4b2faa283cc5670db754c3535408205a,545.62890625
reference,17,12,False,10,1,2.7697370639980363,276.97370639980363,59bf257991e2d5723cba3a0bdc8cfa6a4b2faa283cc5670db754c3535408205a,545.62890625
reference,17,12,False,10,2,2.751117722997151,275.1117722997151,59bf257991e2d5723cba3a0bdc8cfa6a4b2faa283cc5670db754c3535408205a,545.62890625
native,17,12,False,1,0,0.03970555699925171,39.70555699925171,bf8c03050b358890c338ebafaa667dd2a99267107191776977f1b0e0024c4015,534.828125
native,17,12,False,1,1,0.051149773000361165,51.149773000361165,bf8c03050b358890c338ebafaa667dd2a99267107191776977f1b0e0024c4015,534.828125
native,17,12,False,1,2,0.04789226300272276,47.89226300272276,bf8c03050b358890c338ebafaa667dd2a99267107191776977f1b0e0024c4015,534.828125
native,17,12,False,10,0,0.2504196009977022,25.041960099770222,59bf257991e2d5723cba3a0bdc8cfa6a4b2faa283cc5670db754c3535408205a,537.609375
native,17,12,False,10,1,0.2497183279992896,24.97183279992896,59bf257991e2d5723cba3a0bdc8cfa6a4b2faa283cc5670db754c3535408205a,537.609375
native,17,12,False,10,2,0.26859397599764634,26.859397599764634,59bf257991e2d5723cba3a0bdc8cfa6a4b2faa283cc5670db754c3535408205a,537.609375
original_dem,17,12,True,1,0,0.6049168930003361,604.9168930003361,7111781b05b658616a26cc88e28b9a43711bbeb35940c7bc816d342c4a3f742c,809.5390625
original_dem,17,12,True,1,1,0.666042890999961,666.042890999961,7111781b05b658616a26cc88e28b9a43711bbeb35940c7bc816d342c4a3f742c,809.5390625
original_dem,17,12,True,1,2,0.7291775539997616,729.1775539997616,7111781b05b658616a26cc88e28b9a43711bbeb35940c7bc816d342c4a3f742c,809.5390625
original_dem,17,12,True,10,0,8.39850663299876,839.850663299876,067843d3efe6b0552cca11fb80e622e21165e5ac916b1379a02e509931d0af77,831.63671875
original_dem,17,12,True,10,1,11.233990176999214,1123.3990176999214,067843d3efe6b0552cca11fb80e622e21165e5ac916b1379a02e509931d0af77,832.92578125
original_dem,17,12,True,10,2,12.936100187002012,1293.6100187002012,067843d3efe6b0552cca11fb80e622e21165e5ac916b1379a02e509931d0af77,833.984375
reference,17,12,True,1,0,0.29125540899985936,291.25540899985936,3686328ffb7abcaee0af1918beca998745834bcf5efdbaa253f64f8747d61321,550.2578125
reference,17,12,True,1,1,0.3039473729986639,303.9473729986639,3686328ffb7abcaee0af1918beca998745834bcf5efdbaa253f64f8747d61321,550.2578125
reference,17,12,True,1,2,0.3498390249988006,349.8390249988006,3686328ffb7abcaee0af1918beca998745834bcf5efdbaa253f64f8747d61321,550.2578125
reference,17,12,True,10,0,3.0985705700004473,309.85705700004473,4ff60df8dc928a21f9f94793a70eeaeb09990e95d0e35ed0a726c103d068d2e6,572.24609375
reference,17,12,True,10,1,3.0433739940017404,304.33739940017404,4ff60df8dc928a21f9f94793a70eeaeb09990e95d0e35ed0a726c103d068d2e6,572.06640625
reference,17,12,True,10,2,2.937019203000091,293.7019203000091,4ff60df8dc928a21f9f94793a70eeaeb09990e95d0e35ed0a726c103d068d2e6,572.0234375
native,17,12,True,1,0,0.029016436001256807,29.016436001256807,3686328ffb7abcaee0af1918beca998745834bcf5efdbaa253f64f8747d61321,550.37890625
native,17,12,True,1,1,0.027279985002678586,27.279985002678586,3686328ffb7abcaee0af1918beca998745834bcf5efdbaa253f64f8747d61321,550.37890625
native,17,12,True,1,2,0.028084608999051852,28.084608999051852,3686328ffb7abcaee0af1918beca998745834bcf5efdbaa253f64f8747d61321,550.37890625
native,17,12,True,10,0,0.25621775899708155,25.621775899708155,4ff60df8dc928a21f9f94793a70eeaeb09990e95d0e35ed0a726c103d068d2e6,569.95703125
native,17,12,True,10,1,0.23569805800070753,23.569805800070753,4ff60df8dc928a21f9f94793a70eeaeb09990e95d0e35ed0a726c103d068d2e6,569.95703125
native,17,12,True,10,2,0.28675208300046506,28.675208300046506,4ff60df8dc928a21f9f94793a70eeaeb09990e95d0e35ed0a726c103d068d2e6,569.95703125
