kind,distance,M,full_output,batch_size,profiled_total_seconds,digest,stage1_seconds,stage2_seconds,map_score_seconds,factory_stage1_seconds,factory_stage2_seconds,pm_stage1_seconds,pm_stage2_seconds,factories_stage1,factories_stage2,cpp_builds_stage1,cpp_builds_stage2,other_seconds
original_dem,9,1,False,1,0.002133942998625571,bf8c03050b358890c338ebafaa667dd2a99267107191776977f1b0e0024c4015,0.0004244070041750092,0.00030743800016352907,0.00024712799859116785,0.0,0.0,0.00019739400158869103,0.0001260940043721348,0,0,0,0,0.0011549699956958648
original_dem,9,1,False,10,0.002558013999077957,ab65b4fe5717d867a6e7e87b382152c61c3bd55c1fb8cccf68f3c034cc641a86,0.0005019860036554746,0.000608170001214603,0.000599931001488585,0.0,0.0,0.00040077299854601733,0.0005013510017306544,0,0,0,0,0.0008479269927192945
reference,9,1,False,1,0.002820120000251336,bf8c03050b358890c338ebafaa667dd2a99267107191776977f1b0e0024c4015,0.000664716000756016,0.00038204399606911466,0.0003278920012235176,0.0,0.0,0.0003365440024936106,0.00019547399642760865,0,0,0,0,0.0014454680022026878
reference,9,1,False,10,0.0025457699994149152,ab65b4fe5717d867a6e7e87b382152c61c3bd55c1fb8cccf68f3c034cc641a86,0.0006682540006295312,0.0005897490009374451,0.0005165640031918883,0.0,0.0,0.0005276669980958104,0.0004690750029112678,0,0,0,0,0.0007712029946560506
native,9,1,False,1,0.001048257003276376,bf8c03050b358890c338ebafaa667dd2a99267107191776977f1b0e0024c4015,0.00023134499497245997,0.00017263900008401833,0.00010068000119645149,0.0,0.0,0.0001512280032329727,8.967200119514018e-05,0,0,0,0,0.0005435930070234463
native,9,1,False,10,0.0024408220015175175,ab65b4fe5717d867a6e7e87b382152c61c3bd55c1fb8cccf68f3c034cc641a86,0.0006084909946366679,0.0005759339983342215,0.0004450369997357484,0.0,0.0,0.0005018419979023747,0.00046433500028797425,0,0,0,0,0.0008113600088108797
original_dem,9,1,True,1,0.0014835789988865145,090724a17acd87bc465319daae5b7f6e38f2e29fb470dfdfd8a7b86fda27f7c9,0.0001906729994516354,0.0001557809991936665,0.00013878600293537602,0.0,0.0,0.00010115599798155017,7.809600356267765e-05,0,0,0,0,0.0009983389973058365
original_dem,9,1,True,10,0.0022765920002711937,29014da7c2b739e25f8204c4176058aaa81bf78a706810db4043effe5729b86a,0.0005473819983308204,0.0005581390068982728,0.0005307279971020762,0.0,0.0,0.0004242289978719782,0.00045784100439050235,0,0,0,0,0.0006403429979400244
reference,9,1,True,1,0.002657502998772543,090724a17acd87bc465319daae5b7f6e38f2e29fb470dfdfd8a7b86fda27f7c9,0.000530034005350899,0.0004408569984661881,0.00023771299674990587,0.0,0.0,0.0003464319997874554,0.00026186000104644336,0,0,0,0,0.00144889899820555
reference,9,1,True,10,0.0024004900005820673,29014da7c2b739e25f8204c4176058aaa81bf78a706810db4043effe5729b86a,0.0006184130033943802,0.0006155280061648227,0.0004835150029975921,0.0,0.0,0.0005130619974806905,0.0005051240041211713,0,0,0,0,0.0006830339880252723
native,9,1,True,1,0.002116316998581169,090724a17acd87bc465319daae5b7f6e38f2e29fb470dfdfd8a7b86fda27f7c9,0.0004509840000537224,0.00041444800081080757,0.00022432300465879962,0.0,0.0,0.000296189002256142,0.0002716080052778125,0,0,0,0,0.0010265619930578396
native,9,1,True,10,0.002569291002146201,29014da7c2b739e25f8204c4176058aaa81bf78a706810db4043effe5729b86a,0.0007250609996845014,0.0006414069976017345,0.00045868399683968164,0.0,0.0,0.0006069419978302903,0.0005219510021561291,0,0,0,0,0.0007441390080202837
original_dem,9,12,False,1,0.1372882079995179,bf8c03050b358890c338ebafaa667dd2a99267107191776977f1b0e0024c4015,0.06932047001464525,0.003083582985709654,0.0018059990143228788,0.019266742012405302,0.0,0.028865668005892076,0.0011865499945997726,33,0,33,0,0.06307815598484012
original_dem,9,12,False,10,0.9467749979994551,ab65b4fe5717d867a6e7e87b382152c61c3bd55c1fb8cccf68f3c034cc641a86,0.6008978610516351,0.02449838501343038,0.013164516014512628,0.14490306499646977,0.0,0.2322572329940158,0.009974425007385435,330,0,330,0,0.30821423591987696
reference,9,12,False,1,0.058127062999119516,bf8c03050b358890c338ebafaa667dd2a99267107191776977f1b0e0024c4015,0.05026259899750585,0.001966038005775772,0.0012586869961523917,0.016203067010792438,0.0,0.026376834000984672,0.0008632030112494249,33,0,33,0,0.004639738999685505
reference,9,12,False,10,0.42945594399861875,ab65b4fe5717d867a6e7e87b382152c61c3bd55c1fb8cccf68f3c034cc641a86,0.3890684909965785,0.010346702962124255,0.0069695720048912335,0.11594580796736409,0.0,0.21160882300682715,0.005789182996522868,330,0,330,0,0.023071178035024786
native,9,12,False,1,0.011590453999815509,bf8c03050b358890c338ebafaa667dd2a99267107191776977f1b0e0024c4015,0.004034107998450054,0.0017922569968504831,0.0012073799880454317,0.0,0.0,0.0037694640013796743,0.0008984600099211093,0,0,0,0,0.00455670901646954
native,9,12,False,10,0.0696745320019545,ab65b4fe5717d867a6e7e87b382152c61c3bd55c1fb8cccf68f3c034cc641a86,0.02842989700002363,0.01061707404369372,0.00718115495328675,0.0,0.0,0.028019291003147373,0.005772112017439213,0,0,0,0,0.023446406004950404
original_dem,9,12,True,1,0.08843526400232804,dd67d6aa612a89e74eb7a13e4e64cd6d598a6a370bddf2fdb4d5baf1421e3ca7,0.05267901001207065,0.0017123770194302779,0.0011952029963140376,0.01442061399211525,0.0,0.02152936900529312,0.0007750739969196729,33,0,33,0,0.032848673974513076
original_dem,9,12,True,10,0.983180753999477,21d341093f9fe7fd6d7e7956b57679a1878173daf773361b311ca78c7b31e84c,0.6715004360194143,0.025910656062478665,0.01443672699315357,0.17008716097552679,0.0,0.24822237798071,0.011643492969596991,330,0,330,0,0.27133293492443045
reference,9,12,True,1,0.04653933299778146,dd67d6aa612a89e74eb7a13e4e64cd6d598a6a370bddf2fdb4d5baf1421e3ca7,0.04461522299970966,0.0006890660042699892,0.0005841890051669907,0.014105102003668435,0.0,0.023285588991711847,0.000352238021150697,33,0,33,0,0.0006508549886348192
reference,9,12,True,10,0.4031661560002249,7884cef7f28f244183debb5b0999829ef9d7ce0a52075fc0be3786deaf3afc00,0.38630333299806807,0.007310242021048907,0.0063589089731976856,0.1170592170310556,0.0,0.2102240029598761,0.004228638023050735,330,0,330,0,0.0031936720079102088
native,9,12,True,1,0.009674511002231156,dd67d6aa612a89e74eb7a13e4e64cd6d598a6a370bddf2fdb4d5baf1421e3ca7,0.004596252998453565,0.001935716991283698,0.0014961820052121766,0.0,0.0,0.004313478999392828,0.0010759380165836774,0,0,0,0,0.001646359007281717
native,9,12,True,10,0.0346896180017211,7884cef7f28f244183debb5b0999829ef9d7ce0a52075fc0be3786deaf3afc00,0.018945914998766966,0.006944155029486865,0.006068875023629516,0.0,0.0,0.018702931996813277,0.004079983031260781,0,0,0,0,0.0027306729498377535
original_dem,13,1,False,1,0.0027424660001997836,bf8c03050b358890c338ebafaa667dd2a99267107191776977f1b0e0024c4015,0.0005865670027560554,0.0004919120037811808,0.0004221300005156081,0.0,0.0,0.0004070799986948259,0.00030359400261659175,0,0,0,0,0.0012418569931469392
original_dem,13,1,False,10,0.005270760000712471,80f1f20cf8062366062d9e8caaf7d7f5b9f2d4b59deb75c8e11f67186ce38df4,0.0010927759976766538,0.0017566799979249481,0.0011556099925655872,0.0,0.0,0.0009175710001727566,0.0015781389993207995,0,0,0,0,0.001265694012545282
reference,13,1,False,1,0.002841443998477189,bf8c03050b358890c338ebafaa667dd2a99267107191776977f1b0e0024c4015,0.000623005998932058,0.0006077170037315227,0.00036382100006449036,0.0,0.0,0.00043132100108778104,0.0004176619986537844,0,0,0,0,0.0012468999957491178
reference,13,1,False,10,0.005741428001783788,80f1f20cf8062366062d9e8caaf7d7f5b9f2d4b59deb75c8e11f67186ce38df4,0.0013714509987039492,0.001790892994904425,0.0012853429980168585,0.0,0.0,0.001114988001063466,0.0016255560003628489,0,0,0,0,0.0012937410101585556
native,13,1,False,1,0.003003108002303634,bf8c03050b358890c338ebafaa667dd2a99267107191776977f1b0e0024c4015,0.0006753769994247705,0.0006582679998246022,0.0004955059994244948,0.0,0.0,0.0004976769996574149,0.0004447619976417627,0,0,0,0,0.0011739570036297664
native,13,1,False,10,0.0063201500015566126,80f1f20cf8062366062d9e8caaf7d7f5b9f2d4b59deb75c8e11f67186ce38df4,0.0015930879962979816,0.001710878004814731,0.0015385890037578065,0.0,0.0,0.0013436779954645317,0.001477617995988112,0,0,0,0,0.0014775949966860935
original_dem,13,1,True,1,0.0026973610001732595,6230fcc6e312f38fbe899f649c8d6f3bdb7245a9ea844454b7683c43c384db59,0.0006102229999669362,0.0005186409944144543,0.0004539719993772451,0.0,0.0,0.0004148739972151816,0.0003295780043117702,0,0,0,0,0.001114525006414624
original_dem,13,1,True,10,0.005239894999249373,242518f84494352588784d0a4f871ca71d6c958d8bfd1a4fa889c0a22c6f8c27,0.0011828059978142846,0.0015440930001204833,0.0012713039977825247,0.0,0.0,0.000997754996205913,0.001328831996943336,0,0,0,0,0.00124169200353208
reference,13,1,True,1,0.0014862380012345966,6230fcc6e312f38fbe899f649c8d6f3bdb7245a9ea844454b7683c43c384db59,0.00036840000029769726,0.000311136001982959,0.00019960099962190725,0.0,0.0,0.00027023800066672266,0.00022097400142229162,0,0,0,0,0.0006071009993320331
reference,13,1,True,10,0.006346897000184981,242518f84494352588784d0a4f871ca71d6c958d8bfd1a4fa889c0a22c6f8c27,0.001667796001129318,0.0018916890003310982,0.0015282070016837679,0.0,0.0,0.001432463999663014,0.0016654659993946552,0,0,0,0,0.001259204997040797
native,13,1,True,1,0.0031585889992129523,6230fcc6e312f38fbe899f649c8d6f3bdb7245a9ea844454b7683c43c384db59,0.0008383559979847632,0.0006379780024872161,0.00047324999468401074,0.0,0.0,0.0006187639992276672,0.0004224940021231305,0,0,0,0,0.0012090050040569622
native,13,1,True,10,0.005172034998395247,242518f84494352588784d0a4f871ca71d6c958d8bfd1a4fa889c0a22c6f8c27,0.001330841001617955,0.00150616899918532,0.0012172889983048663,0.0,0.0,0.0011400439943827223,0.0013079579985060263,0,0,0,0,0.001117735999287106
original_dem,13,12,False,1,0.26096731800134876,bf8c03050b358890c338ebafaa667dd2a99267107191776977f1b0e0024c4015,0.15329079800358159,0.005246635992079973,0.003013074012415018,0.03259783500107005,0.0,0.06590950300596887,0.002559152002504561,33,0,33,0,0.09941680999327218
original_dem,13,12,False,10,3.6013259239989566,80f1f20cf8062366062d9e8caaf7d7f5b9f2d4b59deb75c8e11f67186ce38df4,2.6414273209593375,0.06742120001945295,0.03552453395241173,0.47947115200804546,0.0,1.0915026209877396,0.030160022939526243,330,0,330,0,0.8569528690677544
reference,13,12,False,1,0.13872308200006955,bf8c03050b358890c338ebafaa667dd2a99267107191776977f1b0e0024c4015,0.13146468800550792,0.0021984419945511036,0.0016769699977885466,0.03474303599068662,0.0,0.06253243199535063,0.0014329139958135784,33,0,33,0,0.003382982002221979
reference,13,12,False,10,1.1450246079984936,80f1f20cf8062366062d9e8caaf7d7f5b9f2d4b59deb75c8e11f67186ce38df4,1.0805113940004958,0.019978706975962268,0.01625047500419896,0.2773707969863608,0.0,0.5252385570311162,0.013240377975307638,330,0,330,0,0.02828403201783658
native,13,12,False,1,0.02106263599853264,bf8c03050b358890c338ebafaa667dd2a99267107191776977f1b0e0024c4015,0.01168961200164631,0.0029405460045381915,0.002126387014868669,0.0,0.0,0.011319246001221472,0.001996349008550169,0,0,0,0,0.004306090977479471
native,13,12,False,10,0.19201509800041094,80f1f20cf8062366062d9e8caaf7d7f5b9f2d4b59deb75c8e11f67186ce38df4,0.09654598000270198,0.029910645997006213,0.022633331045653904,0.0,0.0,0.09541158999854815,0.019950356960180216,0,0,0,0,0.042925140955048846
original_dem,13,12,True,1,0.2535842430006596,78b353f113892bea62d421cf532e0740075e4cfdf37754bb838973f927b26ad9,0.17419877899010316,0.004291487995942589,0.003067852983804187,0.03884455200022785,0.0,0.07777302500835503,0.002515228999982355,33,0,33,0,0.07202612303080969
original_dem,13,12,True,10,3.1984753219985578,bba7cafa5b0915f31dd19af79f0e55e17cc64a151a0bd81cf9f5f669ae6bd72c,2.403399592010828,0.05643604399301694,0.03189456994368811,0.4441938740128535,0.0,0.9737944799708202,0.02705524598422926,330,0,330,0,0.7067451160510245
reference,13,12,True,1,0.14130912000109674,f086a978ed0f41d6a2d165f69e1b5e1f16085b5fb2c4329e0fe2ca45b5142e8a,0.1366146359941922,0.0016589539955020882,0.001468455000576796,0.03617137099354295,0.0,0.064724412997748,0.0011260890023550019,33,0,33,0,0.001567075010825647
reference,13,12,True,10,1.1700705459988967,55f13b1651fc1652b8d0c73d3ddf94ee480b8a358b7fe5bc73a6623cdc0c083d,1.1302096399995207,0.017749974016624037,0.016358213946659816,0.29370070198274334,0.0,0.5515152209663938,0.012292475028516492,330,0,330,0,0.005752718036092119
native,13,12,True,1,0.019380106001335662,f086a978ed0f41d6a2d165f69e1b5e1f16085b5fb2c4329e0fe2ca45b5142e8a,0.012663509998674272,0.0030013029936526436,0.002534510011173552,0.0,0.0,0.012361183999018976,0.0019603930013545323,0,0,0,0,0.0011807829978351947
native,13,12,True,10,0.09642900200196891,55f13b1651fc1652b8d0c73d3ddf94ee480b8a358b7fe5bc73a6623cdc0c083d,0.05798966399743222,0.01740241001243703,0.01549511298071593,0.0,0.0,0.05743949599855114,0.012238273011462297,0,0,0,0,0.005541815011383733
original_dem,17,1,False,1,0.004001930999947945,bf8c03050b358890c338ebafaa667dd2a99267107191776977f1b0e0024c4015,0.0008680190003360622,0.000945134994253749,0.0008797220034466591,0.0,0.0,0.0006135910043667536,0.0006316479957604315,0,0,0,0,0.0013090550019114744
original_dem,17,1,False,10,0.01570212699880358,59bf257991e2d5723cba3a0bdc8cfa6a4b2faa283cc5670db754c3535408205a,0.0037143930021557026,0.00487446999977692,0.004013096997368848,0.0,0.0,0.003154724992782576,0.004354176999186166,0,0,0,0,0.0031001669995021075
reference,17,1,False,1,0.004160163000051398,bf8c03050b358890c338ebafaa667dd2a99267107191776977f1b0e0024c4015,0.0009146529991994612,0.0010105719993589446,0.0009707799981697462,0.0,0.0,0.00066997600151808,0.0007535740041930694,0,0,0,0,0.0012641580033232458
reference,17,1,False,10,0.012763483999151504,59bf257991e2d5723cba3a0bdc8cfa6a4b2faa283cc5670db754c3535408205a,0.002907176996814087,0.003957621000154177,0.003297986004326958,0.0,0.0,0.0025313479964097496,0.0036154959962004796,0,0,0,0,0.0026006999978562817
native,17,1,False,1,0.0042002830014098436,bf8c03050b358890c338ebafaa667dd2a99267107191776977f1b0e0024c4015,0.0009109390011872165,0.00116200599950389,0.0007787340000504628,0.0,0.0,0.0006712510039506014,0.0008935070000006817,0,0,0,0,0.0013486040006682742
native,17,1,False,10,0.011005448999640066,59bf257991e2d5723cba3a0bdc8cfa6a4b2faa283cc5670db754c3535408205a,0.002724837995629059,0.0033348850010952447,0.002756938003585674,0.0,0.0,0.002347585996176349,0.0030377049988601357,0,0,0,0,0.0021887879993300885
original_dem,17,1,True,1,0.003924770000594435,ffe9ee2fe7988dd800b28f86e95f1150b22ec9e7bcebe1eab70b2092c23a7a9c,0.0008757510004215874,0.0010066729992104229,0.0009580829973856453,0.0,0.0,0.0006065409979782999,0.0007453780017385725,0,0,0,0,0.0010842630035767797
original_dem,17,1,True,10,0.015849502000492066,10f67dddb20ef546e8f2cc74d3e4ca4bfb8d45169dbd024d820570c6340d159d,0.0038138919990160502,0.0050345250019745436,0.004296571998565923,0.0,0.0,0.00334009300058824,0.004538246001175139,0,0,0,0,0.002704513000935549
reference,17,1,True,1,0.0024291289992106613,ffe9ee2fe7988dd800b28f86e95f1150b22ec9e7bcebe1eab70b2092c23a7a9c,0.0005168799980310723,0.0005806019980809651,0.0006722989965055604,0.0,0.0,0.00039139400178100914,0.0003890959960699547,0,0,0,0,0.0006593480065930635
reference,17,1,True,10,0.022783792999689467,10f67dddb20ef546e8f2cc74d3e4ca4bfb8d45169dbd024d820570c6340d159d,0.0057646809982543346,0.007613949001097353,0.005714661001547938,0.0,0.0,0.005036203998315614,0.006994647999817971,0,0,0,0,0.0036905019987898413
native,17,1,True,1,0.004441848999704234,ffe9ee2fe7988dd800b28f86e95f1150b22ec9e7bcebe1eab70b2092c23a7a9c,0.0009966559955500998,0.0011974509980063885,0.00094044099751045,0.0,0.0,0.0007412250051856972,0.0008250899991253391,0,0,0,0,0.001307301008637296
native,17,1,True,10,0.014046787000552285,10f67dddb20ef546e8f2cc74d3e4ca4bfb8d45169dbd024d820570c6340d159d,0.003942848998121917,0.004180292002274655,0.003671785998449195,0.0,0.0,0.00342029299645219,0.0037871070016990416,0,0,0,0,0.0022518600017065182
original_dem,17,12,False,1,0.5475275969984068,bf8c03050b358890c338ebafaa667dd2a99267107191776977f1b0e0024c4015,0.349647648010432,0.007090993014571723,0.0055101220023061614,0.06742029799715965,0.0,0.1563737959950231,0.004316776990890503,33,0,33,0,0.1852788339710969
original_dem,17,12,False,10,10.428724223002064,59bf257991e2d5723cba3a0bdc8cfa6a4b2faa283cc5670db754c3535408205a,8.395750236013555,0.11850271902949316,0.0782488440599991,1.228336161970219,0.0,3.8036163260076137,0.07116273396968609,330,0,330,0,1.8362224238990166
reference,17,12,False,1,0.2833574979995319,bf8c03050b358890c338ebafaa667dd2a99267107191776977f1b0e0024c4015,0.271381274000305,0.003774513003008906,0.003710023007442942,0.06445553300727624,0.0,0.12879541099391645,0.002653754003404174,33,0,33,0,0.004491687988775084
reference,17,12,False,10,2.735462849999749,59bf257991e2d5723cba3a0bdc8cfa6a4b2faa283cc5670db754c3535408205a,2.600409169001068,0.051455546978104394,0.04102072200839757,0.6150048130002688,0.0,1.2599620040018635,0.03952698100692942,330,0,330,0,0.042577412012178684
native,17,12,False,1,0.049228062001930084,bf8c03050b358890c338ebafaa667dd2a99267107191776977f1b0e0024c4015,0.026280015001248103,0.007422121008858085,0.007388976995571284,0.0,0.0,0.025820606999332085,0.005238801000814419,0,0,0,0,0.008136948996252613
native,17,12,False,10,0.25314919199809083,59bf257991e2d5723cba3a0bdc8cfa6a4b2faa283cc5670db754c3535408205a,0.13751795899952413,0.04169420995822293,0.035434380024526035,0.0,0.0,0.13654226799917524,0.031023986972286366,0,0,0,0,0.03850264301581774
original_dem,17,12,True,1,0.7833591620001243,7111781b05b658616a26cc88e28b9a43711bbeb35940c7bc816d342c4a3f742c,0.5622457380195556,0.00944142399384873,0.008569759000238264,0.09624157501457375,0.0,0.2574622809988796,0.006064823992346646,33,0,33,0,0.20310224098648177
original_dem,17,12,True,10,14.675465249001718,067843d3efe6b0552cca11fb80e622e21165e5ac916b1379a02e509931d0af77,12.470276259020466,0.16057380803249544,0.10790862395515433,1.7295573740120744,0.0,5.723064265985158,0.09480893003637902,330,0,330,0,1.9367065579936025
reference,17,12,True,1,0.29026527300084126,3686328ffb7abcaee0af1918beca998745834bcf5efdbaa253f64f8747d61321,0.28059370499977376,0.004082022998773027,0.0038381420090445317,0.06655511898861732,0.0,0.13756031499724486,0.002739767991442932,33,0,33,0,0.0017514029932499398
reference,17,12,True,10,3.0321256710012676,4ff60df8dc928a21f9f94793a70eeaeb09990e95d0e35ed0a726c103d068d2e6,2.932309390998853,0.047392309992574155,0.03832386298017809,0.6874650689569535,0.0,1.405728480007383,0.036892589036142454,330,0,330,0,0.014100107029662468
native,17,12,True,1,0.0460852789983619,3686328ffb7abcaee0af1918beca998745834bcf5efdbaa253f64f8747d61321,0.031181473001197446,0.006477965012891218,0.006473124991316581,0.0,0.0,0.030651149001641897,0.004598575993441045,0,0,0,0,0.001952715992956655
native,17,12,True,10,0.3014188760025718,4ff60df8dc928a21f9f94793a70eeaeb09990e95d0e35ed0a726c103d068d2e6,0.20271897500060732,0.04660498698649462,0.04022109103607363,0.0,0.0,0.20150618200204917,0.036376431977259926,0,0,0,0,0.011873822979396209
