distance,M,full_output,batch_size,kind,repetitions,mean_ms_per_shot,std_ms_per_shot,min_ms_per_shot,max_ms_per_shot,mean_rss_mib
9,1,False,1,native,3,2.019514667,0.3087735613,1.808632998,2.373929001,255.6445312
9,1,False,1,original_dem,3,2.099767667,1.005212147,1.091183,3.101573002,256.296875
9,1,False,1,reference,3,1.927679667,0.5870348062,1.261609999,2.369679001,255.9453125
9,1,False,10,native,3,0.3252817334,0.1111189229,0.2478381,0.4525996999,255.6835938
9,1,False,10,original_dem,3,0.4009608667,0.2463417171,0.2395356998,0.6845051001,256.3359375
9,1,False,10,reference,3,0.3789473332,0.1948670761,0.2301745997,0.5995293999,255.9804688
9,1,True,1,native,3,1.551621999,0.3826497002,1.177856997,1.942577001,256.046875
9,1,True,1,original_dem,3,2.179301334,0.2090930962,1.986736999,2.401715003,256.2382812
9,1,True,1,reference,3,1.499132999,0.3993830814,1.042598,1.783869,255.671875
9,1,True,10,native,3,0.3303956334,0.1850968574,0.2070777002,0.5432344999,256.046875
9,1,True,10,original_dem,3,0.3050030666,0.1327742962,0.2231085,0.4581955,256.2421875
9,1,True,10,reference,3,0.3916139334,0.2315477924,0.2481677999,0.6587386,255.671875
9,12,False,1,native,3,11.01627033,0.5323349478,10.407421,11.393889,257
9,12,False,1,original_dem,3,102.7676517,16.81054637,83.611158,115.059942,291.5429688
9,12,False,1,reference,3,59.78831866,18.19333726,42.782405,78.972881,258.1601562
9,12,False,10,native,3,5.986733067,0.6046804892,5.5475127,6.6763992,257.3398438
9,12,False,10,original_dem,3,92.35724633,6.030778414,85.4288345,96.4281815,291.7864583
9,12,False,10,reference,3,44.54112503,2.382005884,41.8674497,46.4370219,258.9257812
9,12,True,1,native,3,7.670422001,0.8214163382,7.140698002,8.616657,259.578125
9,12,True,1,original_dem,3,95.06820433,11.56317077,86.956278,108.308633,293.421875
9,12,True,1,reference,3,53.91309433,9.354372481,46.593608,64.452018,259.7109375
9,12,True,10,native,3,3.499137733,0.2394470548,3.3171657,3.7704,262.2226562
9,12,True,10,original_dem,3,86.02427587,3.32475927,82.5360794,89.1570383,296.3802083
9,12,True,10,reference,3,40.62573527,1.653739859,39.6022575,42.5336208,262.6653646
13,1,False,1,native,3,1.707408,0.1055575489,1.606203001,1.816837001,348.0234375
13,1,False,1,original_dem,3,2.935986668,0.1259502897,2.829167999,3.074870001,348.5273438
13,1,False,1,reference,3,2.781081,0.1680736276,2.602961002,2.936877001,347.5273438
13,1,False,10,native,3,0.6548516335,0.1779665769,0.5158520002,0.8554294,348.0234375
13,1,False,10,original_dem,3,0.7519945334,0.3927280476,0.5154958002,1.2053358,348.6523438
13,1,False,10,reference,3,0.6630029001,0.2236222317,0.4965394,0.9171859001,347.5273438
13,1,True,1,native,3,2.772685665,0.1313226359,2.653636999,2.913550001,348.1992188
13,1,True,1,original_dem,3,3.038173001,0.7113435125,2.590365999,3.858408003,349.5078125
13,1,True,1,reference,3,2.718423333,0.3983736445,2.294602,3.085199001,348.765625
13,1,True,10,native,3,0.7159843333,0.2767212889,0.5372732998,1.0347335,348.1992188
13,1,True,10,original_dem,3,0.7289233666,0.357822881,0.5101104998,1.1418556,349.6328125
13,1,True,10,reference,3,0.6995106333,0.1735200895,0.5759659001,0.8978909998,348.890625
13,12,False,1,native,3,22.08631867,4.717994818,19.218053,27.531594,353.1015625
13,12,False,1,original_dem,3,248.257466,11.88529241,236.642839,260.396091,464.8398438
13,12,False,1,reference,3,126.774565,5.853558724,122.097267,133.338887,354.7460938
13,12,False,10,native,3,13.33672437,1.540065271,12.0971285,15.0607653,353.703125
13,12,False,10,original_dem,3,304.7672049,40.76311414,259.4819903,338.5259481,465.78125
13,12,False,10,reference,3,119.9995104,1.558859543,118.2788412,121.3175744,355.9856771
13,12,True,1,native,3,17.514798,4.791784829,12.81209,22.39095,359.3867188
13,12,True,1,original_dem,3,226.0521933,12.30572093,216.471009,239.930219,470.9101562
13,12,True,1,reference,3,137.743896,4.802062164,132.745946,142.322576,359.4570312
13,12,True,10,native,3,10.1708161,0.5770672679,9.5764553,10.7288759,367.828125
13,12,True,10,original_dem,3,281.8892423,20.96157627,260.0720802,301.8750618,480.7695312
13,12,True,10,reference,3,119.7496387,2.36433197,117.4675438,122.1884141,368.9544271
17,1,False,1,native,3,4.465679999,1.820103867,2.672857998,6.311891,522.890625
17,1,False,1,original_dem,3,4.445167,0.1706264211,4.32357,4.640219002,524.5703125
17,1,False,1,reference,3,4.322193,0.1688447558,4.150899,4.488477,522.8320312
17,1,False,10,native,3,1.137477367,0.04974960701,1.0883486,1.1878254,522.890625
17,1,False,10,original_dem,3,1.411487633,0.2865389764,1.243104,1.7423367,524.859375
17,1,False,10,reference,3,1.2163279,0.1190727825,1.1189469,1.3490781,522.8320312
17,1,True,1,native,3,3.563577999,1.019292496,2.387675002,4.195075999,524.2265625
17,1,True,1,original_dem,3,3.789989332,1.12508507,2.493458,4.509467999,526.4648438
17,1,True,1,reference,3,4.517369999,0.1456866654,4.359392999,4.646428999,524.53125
17,1,True,10,native,3,1.867266733,0.1656859829,1.6875015,2.013852,524.5117188
17,1,True,10,original_dem,3,1.705195733,0.2715197431,1.4541997,1.9934012,526.75
17,1,True,10,reference,3,1.633861967,0.5733656723,1.3014867,2.2959258,524.8125
17,12,False,1,native,3,46.24919767,5.89637751,39.705557,51.149773,534.828125
17,12,False,1,original_dem,3,548.120152,15.34928156,538.634714,565.828992,794.6210938
17,12,False,1,reference,3,300.013535,7.733380701,292.251443,307.717881,539.5221354
17,12,False,10,native,3,25.62439683,1.070116643,24.9718328,26.8593976,537.609375
17,12,False,10,original_dem,3,829.4641294,153.7273877,695.4517645,997.2801539,797.0286458
17,12,False,10,reference,3,275.7572804,1.054115756,275.1117723,276.9737064,545.6289062
17,12,True,1,native,3,28.12701,0.8690016694,27.279985,29.016436,550.3789062
17,12,True,1,original_dem,3,666.712446,62.13303627,604.916893,729.177554,809.5390625
17,12,True,1,reference,3,315.0139357,30.81982516,291.255409,349.839025,550.2578125
17,12,True,10,native,3,25.95559667,2.569019443,23.5698058,28.6752083,569.9570312
17,12,True,10,original_dem,3,1085.6199,229.2266007,839.8506633,1293.610019,832.8489583
17,12,True,10,reference,3,302.6321256,8.211460259,293.7019203,309.857057,572.1119792
