distance,decoder,shot_index,order_position,time_ms,prediction,actual,logical_failure,detector_events
9,native_M8,0,0,3.810594,0,0,0,52
9,native_M16,0,1,6.73188,0,0,0,52
9,tesseract,0,2,9.360258,0,0,0,52
9,native_M16,1,0,5.317764,0,0,0,40
9,tesseract,1,1,5.72476,0,0,0,40
9,native_M8,1,2,4.557977,0,0,0,40
9,tesseract,2,0,30.267189,1,1,0,45
9,native_M8,2,1,4.255283,1,1,0,45
9,native_M16,2,2,8.377108,1,1,0,45
9,native_M8,3,0,5.072004,1,1,0,52
9,native_M16,3,1,7.826443,1,1,0,52
9,tesseract,3,2,37.373448,1,1,0,52
9,native_M16,4,0,6.228088,1,1,0,43
9,tesseract,4,1,5.212521,1,1,0,43
9,native_M8,4,2,3.022813,1,1,0,43
9,tesseract,5,0,7.575413,1,1,0,47
9,native_M8,5,1,3.595971,1,1,0,47
9,native_M16,5,2,7.868286,1,1,0,47
9,native_M8,6,0,5.707164,0,0,0,66
9,native_M16,6,1,8.731152,0,0,0,66
9,tesseract,6,2,35.652642,0,0,0,66
9,native_M16,7,0,9.435021,1,1,0,63
9,tesseract,7,1,19.223172,1,1,0,63
9,native_M8,7,2,5.281631,1,1,0,63
9,tesseract,8,0,12.708856,0,0,0,49
9,native_M8,8,1,4.680522,0,0,0,49
9,native_M16,8,2,7.114241,0,0,0,49
9,native_M8,9,0,3.499855,0,0,0,42
9,native_M16,9,1,6.761178,0,0,0,42
9,tesseract,9,2,8.41455,0,0,0,42
9,native_M16,10,0,10.549386,1,1,0,65
9,tesseract,10,1,67.967479,1,1,0,65
9,native_M8,10,2,5.015905,1,1,0,65
9,tesseract,11,0,7.334306,0,0,0,51
9,native_M8,11,1,3.613805,0,0,0,51
9,native_M16,11,2,6.950416,0,0,0,51
9,native_M8,12,0,3.783715,1,1,0,43
9,native_M16,12,1,6.261062,1,1,0,43
9,tesseract,12,2,7.536888,1,1,0,43
9,native_M16,13,0,8.2318,1,1,0,48
9,tesseract,13,1,10.123594,1,1,0,48
9,native_M8,13,2,3.951307,1,1,0,48
9,tesseract,14,0,12.061843,0,0,0,41
9,native_M8,14,1,4.328674,0,0,0,41
9,native_M16,14,2,9.574047,0,0,0,41
9,native_M8,15,0,4.028427,1,1,0,41
9,native_M16,15,1,5.857198,1,1,0,41
9,tesseract,15,2,5.897903,1,1,0,41
9,native_M16,16,0,6.270564,0,0,0,38
9,tesseract,16,1,47.42785,0,0,0,38
9,native_M8,16,2,4.13555,0,0,0,38
9,tesseract,17,0,12.484573,1,1,0,46
9,native_M8,17,1,3.734421,1,1,0,46
9,native_M16,17,2,5.985315,1,1,0,46
9,native_M8,18,0,3.389156,1,1,0,38
9,native_M16,18,1,5.801965,1,1,0,38
9,tesseract,18,2,5.108032,1,1,0,38
9,native_M16,19,0,7.876734,0,0,0,42
9,tesseract,19,1,11.509006,0,0,0,42
9,native_M8,19,2,4.066258,0,0,0,42
13,native_M8,0,0,11.196711,1,1,0,150
13,native_M16,0,1,21.297612,1,1,0,150
13,tesseract,0,2,320.739549,1,1,0,150
13,native_M16,1,0,34.12831,0,0,0,185
13,tesseract,1,1,2648.682966,0,0,0,185
13,native_M8,1,2,17.502498,0,0,0,185
13,tesseract,2,0,211.353446,0,0,0,165
13,native_M8,2,1,12.386914,0,0,0,165
13,native_M16,2,2,21.922662,0,0,0,165
13,native_M8,3,0,12.370195,1,1,0,162
13,native_M16,3,1,20.110903,1,1,0,162
13,tesseract,3,2,89.25943,1,1,0,162
13,native_M16,4,0,20.307477,0,0,0,135
13,tesseract,4,1,56.649182,0,0,0,135
13,native_M8,4,2,10.302496,0,0,0,135
13,tesseract,5,0,226.362215,0,0,0,167
13,native_M8,5,1,11.373318,0,0,0,167
13,native_M16,5,2,21.418363,0,0,0,167
13,native_M8,6,0,14.901286,0,0,0,200
13,native_M16,6,1,26.741043,0,0,0,200
13,tesseract,6,2,1854.48702,0,0,0,200
13,native_M16,7,0,22.511119,1,1,0,148
13,tesseract,7,1,136.988912,1,1,0,148
13,native_M8,7,2,11.518858,1,1,0,148
13,tesseract,8,0,292.55121,0,0,0,159
13,native_M8,8,1,12.54231,0,0,0,159
13,native_M16,8,2,24.157167,0,0,0,159
13,native_M8,9,0,12.991186,0,0,0,154
13,native_M16,9,1,21.760452,0,0,0,154
13,tesseract,9,2,78.974433,0,0,0,154
13,native_M16,10,0,18.756927,1,1,0,131
13,tesseract,10,1,82.72888,1,1,0,131
13,native_M8,10,2,10.03745,1,1,0,131
13,tesseract,11,0,1248.539735,0,0,0,176
13,native_M8,11,1,14.266208,0,0,0,176
13,native_M16,11,2,27.2199,0,0,0,176
13,native_M8,12,0,11.0463,1,1,0,151
13,native_M16,12,1,18.248109,1,1,0,151
13,tesseract,12,2,121.568181,1,1,0,151
13,native_M16,13,0,23.879399,0,0,0,156
13,tesseract,13,1,151.908634,0,0,0,156
13,native_M8,13,2,10.945103,0,0,0,156
13,tesseract,14,0,119.383054,1,1,0,152
13,native_M8,14,1,11.035792,1,1,0,152
13,native_M16,14,2,20.239044,1,1,0,152
13,native_M8,15,0,12.291406,0,0,0,121
13,native_M16,15,1,20.755233,0,0,0,121
13,tesseract,15,2,78.606535,0,0,0,121
13,native_M16,16,0,25.644231,1,1,0,172
13,tesseract,16,1,375.872556,1,1,0,172
13,native_M8,16,2,12.934049,1,1,0,172
13,tesseract,17,0,2771.27718,0,0,0,203
13,native_M8,17,1,16.985404,0,0,0,203
13,native_M16,17,2,40.861262,0,0,0,203
13,native_M8,18,0,13.544574,1,1,0,141
13,native_M16,18,1,21.26395,1,1,0,141
13,tesseract,18,2,43.193739,1,1,0,141
13,native_M16,19,0,27.41193,1,1,0,143
13,tesseract,19,1,276.504756,1,1,0,143
13,native_M8,19,2,12.662271,1,1,0,143
